arch,sigma_read,depth,seed,run_name,chip,trial,auc,pauc,auc_id1,auc_id2,auc_id3,auc_id4
none,0.0,2,0,arch_none_r0_d2_s0,0,0,0.6653244404966103,0.5496087990129699,0.7039069264069263,0.6863935309973046,0.5379622641509434,0.7330350404312669
none,0.0,2,0,arch_none_r0_d2_s0,1,0,0.5991761414685943,0.5598934084783141,0.5038528138528138,0.7759568733153639,0.34274932614555254,0.7741455525606469
none,0.0,2,0,arch_none_r0_d2_s0,2,0,0.49893589193825044,0.5186733987627732,0.6606168831168832,0.5812075471698113,0.30654447439353105,0.44737466307277624
none,0.0,2,0,arch_none_r0_d2_s0,3,0,0.5227732377685208,0.517040457060318,0.2882034632034632,0.7155148247978437,0.5820053908355796,0.5053692722371967
none,0.0,2,0,arch_none_r0_d2_s0,4,0,0.5660124765171934,0.5631654715691459,0.6732251082251082,0.6629002695417789,0.3673854447439353,0.5605390835579515
none,0.0,2,0,arch_none_r0_d2_s0,5,0,0.6303733562035448,0.5557486662625689,0.61004329004329,0.7971105121293801,0.5004204851752021,0.6139191374663072
none,0.0,2,0,arch_none_r0_d2_s0,6,0,0.622223474638569,0.5324097658382663,0.5968831168831168,0.6503288409703504,0.6188571428571428,0.6228247978436658
none,0.0,2,0,arch_none_r0_d2_s0,7,0,0.6241435207873887,0.562185534591195,0.7664177489177488,0.6012291105121293,0.434566037735849,0.6943611859838275
none,0.0,2,0,arch_none_r0_d2_s0,8,0,0.6747873785020011,0.5656083820185112,0.6260497835497836,0.7417250673854447,0.5923126684636119,0.7390619946091646
none,0.0,2,0,arch_none_r0_d2_s0,9,0,0.563659080699175,0.5391372406144005,0.6671969696969697,0.7284743935309973,0.47051212938005393,0.38845283018867915
none,0.0,2,1,arch_none_r0_d2_s1,0,0,0.7442088131993791,0.6201248189083344,0.7413419913419914,0.7267816711590297,0.7012398921832884,0.8074716981132075
none,0.0,2,1,arch_none_r0_d2_s1,1,0,0.6916299926488607,0.5917600067922809,0.7306493506493508,0.7274609164420487,0.6084420485175203,0.699967654986523
none,0.0,2,1,arch_none_r0_d2_s1,2,0,0.7055727252307441,0.5923312784534234,0.6928030303030304,0.8110188679245283,0.6127870619946092,0.7056819407008086
none,0.0,2,1,arch_none_r0_d2_s1,3,0,0.6234453054806828,0.5554885820898731,0.4548809523809524,0.789099730458221,0.7354177897574123,0.5143827493261456
none,0.0,2,1,arch_none_r0_d2_s1,4,0,0.6804970697541453,0.609490869111028,0.6754653679653679,0.8498544474393531,0.45704582210242584,0.739622641509434
none,0.0,2,1,arch_none_r0_d2_s1,5,0,0.6834365760026138,0.5586100220534184,0.7341991341991343,0.7463396226415094,0.45901886792452834,0.794188679245283
none,0.0,2,1,arch_none_r0_d2_s1,6,0,0.6755853038470964,0.6029347059759175,0.6632792207792209,0.7369056603773585,0.586921832884097,0.7152345013477089
none,0.0,2,1,arch_none_r0_d2_s1,7,0,0.6378090541533938,0.5784158079590056,0.569025974025974,0.7187385444743937,0.5035471698113207,0.7599245283018867
none,0.0,2,1,arch_none_r0_d2_s1,8,0,0.6455168259413542,0.5769296203630861,0.7621212121212122,0.6647547169811321,0.5750512129380053,0.5801401617250674
none,0.0,2,1,arch_none_r0_d2_s1,9,0,0.681710804132974,0.5476268931333479,0.6620238095238096,0.7099083557951482,0.678199460916442,0.676711590296496
none,0.0,2,2,arch_none_r0_d2_s2,0,0,0.7486255819652046,0.6201085905157404,0.7016883116883117,0.8065121293800539,0.6523719676549865,0.8339299191374663
none,0.0,2,2,arch_none_r0_d2_s2,1,0,0.6509600996487789,0.5689642738922779,0.6691341991341992,0.7460269541778975,0.6232129380053908,0.565466307277628
none,0.0,2,2,arch_none_r0_d2_s2,2,0,0.6687907886139018,0.5918749489504207,0.6810930735930736,0.7830835579514824,0.5166145552560647,0.6943719676549865
none,0.0,2,2,arch_none_r0_d2_s2,3,0,0.7282620987503062,0.603857682370592,0.7863961038961039,0.7980053908355795,0.6000323450134771,0.7286145552560646
none,0.0,2,2,arch_none_r0_d2_s2,4,0,0.7005873866699338,0.6189405761401789,0.7597727272727273,0.7997735849056604,0.6706738544474393,0.5721293800539083
none,0.0,2,2,arch_none_r0_d2_s2,5,0,0.6863658314955485,0.557558400718778,0.7163528138528139,0.7816172506738545,0.49271159029649597,0.7547816711590296
none,0.0,2,2,arch_none_r0_d2_s2,6,0,0.6210551641754473,0.5532110722776065,0.721331168831169,0.6117412398921833,0.5997951482479784,0.5513530997304583
none,0.0,2,2,arch_none_r0_d2_s2,7,0,0.6406884239973863,0.5585461294746299,0.5583008658008659,0.8038167115902964,0.5817358490566038,0.618900269541779
none,0.0,2,2,arch_none_r0_d2_s2,8,0,0.6327517254757821,0.5677271545071942,0.6596861471861472,0.6664474393530997,0.680711590296496,0.5241617250673855
none,0.0,2,2,arch_none_r0_d2_s2,9,0,0.6732444355958507,0.5763456669117046,0.710530303030303,0.778188679245283,0.5451644204851752,0.6590943396226415
per_layer,0.0,2,0,arch_per_layer_r0_d2_s0,0,0,0.742065506820224,0.6246263170791473,0.7494372294372295,0.8123989218328842,0.6076873315363882,0.7987385444743935
per_layer,0.0,2,0,arch_per_layer_r0_d2_s0,1,0,0.7504010659152168,0.631243148609087,0.7565584415584414,0.8206792452830187,0.6372938005390836,0.7870727762803235
per_layer,0.0,2,0,arch_per_layer_r0_d2_s0,2,0,0.7577846524544638,0.6265786679391446,0.7745887445887445,0.8192884097035041,0.6632345013477089,0.7740269541778976
per_layer,0.0,2,0,arch_per_layer_r0_d2_s0,3,0,0.759868006207629,0.6279503970045182,0.7715151515151515,0.8244204851752022,0.6336064690026955,0.8099299191374664
per_layer,0.0,2,0,arch_per_layer_r0_d2_s0,4,0,0.7401327595360614,0.619450964460895,0.7664393939393939,0.7905336927223721,0.6214663072776281,0.7820916442048518
per_layer,0.0,2,0,arch_per_layer_r0_d2_s0,5,0,0.7304369129298375,0.6190987760997692,0.7345562770562771,0.8209811320754716,0.621832884097035,0.7443773584905661
per_layer,0.0,2,0,arch_per_layer_r0_d2_s0,6,0,0.7188087376460018,0.6126750731889758,0.7401190476190476,0.7882048517520215,0.5814339622641509,0.7654770889487871
per_layer,0.0,2,0,arch_per_layer_r0_d2_s0,7,0,0.7386254186065506,0.6214941835721378,0.762943722943723,0.7938760107816711,0.6087870619946092,0.7888948787061995
per_layer,0.0,2,0,arch_per_layer_r0_d2_s0,8,0,0.7330417075063302,0.6157146188799615,0.7584956709956711,0.8071913746630728,0.5909649595687332,0.7755148247978437
per_layer,0.0,2,0,arch_per_layer_r0_d2_s0,9,0,0.7466068876092461,0.6246289501627139,0.7347294372294372,0.8022425876010781,0.6488948787061994,0.8005606469002696
per_layer,0.0,2,1,arch_per_layer_r0_d2_s1,0,0,0.7066225087805277,0.5966087495754825,0.7512878787878787,0.7735525606469003,0.56,0.7416495956873317
per_layer,0.0,2,1,arch_per_layer_r0_d2_s1,1,0,0.708270072694601,0.5943431692438644,0.731991341991342,0.7679460916442048,0.6063611859838275,0.7267816711590296
per_layer,0.0,2,1,arch_per_layer_r0_d2_s1,2,0,0.73412658253696,0.6064760959001276,0.7541774891774893,0.7974986522911051,0.6154393530997305,0.7693908355795148
per_layer,0.0,2,1,arch_per_layer_r0_d2_s1,3,0,0.7102688270848648,0.5968139688844754,0.7163852813852813,0.7904258760107816,0.5902210242587601,0.7440431266846361
per_layer,0.0,2,1,arch_per_layer_r0_d2_s1,4,0,0.7055377358490567,0.5997056857409391,0.7128571428571427,0.7809487870619946,0.6078706199460917,0.7204743935309973
per_layer,0.0,2,1,arch_per_layer_r0_d2_s1,5,0,0.7071840133137302,0.6000037615479522,0.7293398268398268,0.7911698113207547,0.5724204851752022,0.7358059299191374
per_layer,0.0,2,1,arch_per_layer_r0_d2_s1,6,0,0.6873940414930981,0.5893460065257483,0.729112554112554,0.7364636118598383,0.5702318059299192,0.7137681940700809
per_layer,0.0,2,1,arch_per_layer_r0_d2_s1,7,0,0.7107937494895042,0.6016918905325062,0.7299458874458874,0.786210242587601,0.6041832884097036,0.7228355795148247
per_layer,0.0,2,1,arch_per_layer_r0_d2_s1,8,0,0.7004507371559258,0.5881389257878831,0.7177813852813852,0.764086253369272,0.598177897574124,0.7217574123989219
per_layer,0.0,2,1,arch_per_layer_r0_d2_s1,9,0,0.7257171138609819,0.6061829101054523,0.751569264069264,0.811212938005391,0.5885929919137467,0.7514932614555256
per_layer,0.0,2,2,arch_per_layer_r0_d2_s2,0,0,0.7555237278444826,0.6311503458474661,0.7551515151515151,0.8408301886792453,0.6224690026954177,0.803644204851752
per_layer,0.0,2,2,arch_per_layer_r0_d2_s2,1,0,0.7424627031773258,0.6181796149894462,0.7818939393939394,0.8075256064690026,0.5916657681940701,0.7887654986522912
per_layer,0.0,2,2,arch_per_layer_r0_d2_s2,2,0,0.7565275463530179,0.6249172459450514,0.7563419913419912,0.8364204851752022,0.6432345013477088,0.7901132075471697
per_layer,0.0,2,2,arch_per_layer_r0_d2_s2,3,0,0.7394084987339704,0.6176726120618872,0.7615800865800867,0.8296172506738544,0.6264258760107817,0.740010781671159
per_layer,0.0,2,2,arch_per_layer_r0_d2_s2,4,0,0.7773206934574859,0.64303683737646,0.8113636363636363,0.833121293800539,0.6474501347708894,0.8173477088948787
per_layer,0.0,2,2,arch_per_layer_r0_d2_s2,5,0,0.7424213836477986,0.6218368605905845,0.7523809523809524,0.8143611859838275,0.6147601078167116,0.7881832884097035
per_layer,0.0,2,2,arch_per_layer_r0_d2_s2,6,0,0.7378529976312995,0.6157461621463607,0.7613203463203462,0.8029649595687331,0.6155256064690027,0.771601078167116
per_layer,0.0,2,2,arch_per_layer_r0_d2_s2,7,0,0.7273796148819733,0.6126770076993513,0.7509632034632034,0.8004420485175202,0.611299191374663,0.7468140161725068
per_layer,0.0,2,2,arch_per_layer_r0_d2_s2,8,0,0.7222065465980562,0.6119904714616731,0.7446536796536797,0.8047115902964961,0.5940700808625338,0.7453908355795149
per_layer,0.0,2,2,arch_per_layer_r0_d2_s2,9,0,0.7346171383647799,0.6162693934665137,0.7655952380952379,0.8058328840970351,0.6016711590296496,0.7653692722371968
none,0.04,2,0,arch_none_r0.04_d2_s0,0,0,0.716186861880258,0.6005094748019276,0.7352164502164502,0.7704797843665768,0.5735849056603773,0.7854663072776279
none,0.04,2,0,arch_none_r0.04_d2_s0,1,0,0.7199159009229764,0.6008762794636677,0.7222835497835497,0.7693045822102428,0.5892075471698113,0.7988679245283019
none,0.04,2,0,arch_none_r0.04_d2_s0,2,0,0.714919004737401,0.5995460348985672,0.7227164502164503,0.758911051212938,0.5949865229110513,0.7830619946091644
none,0.04,2,0,arch_none_r0.04_d2_s0,3,0,0.724242046475537,0.6042429723536973,0.7222835497835498,0.791644204851752,0.5986091644204852,0.7844312668463612
none,0.04,2,0,arch_none_r0.04_d2_s0,4,0,0.7264548823817693,0.604270700335745,0.7221753246753246,0.7744150943396227,0.6071913746630728,0.8020377358490567
none,0.04,2,0,arch_none_r0.04_d2_s0,5,0,0.7159796312178387,0.5996287889535159,0.7184090909090909,0.7690134770889487,0.5971536388140162,0.779342318059299
none,0.04,2,0,arch_none_r0.04_d2_s0,6,0,0.711872090173977,0.5945577924227379,0.7272727272727273,0.7667601078167117,0.5752345013477089,0.7782210242587602
none,0.04,2,0,arch_none_r0.04_d2_s0,7,0,0.712889804378012,0.5969152619971885,0.7117640692640692,0.7647978436657683,0.5877628032345014,0.7872345013477088
none,0.04,2,0,arch_none_r0.04_d2_s0,8,0,0.7212651413052357,0.6012315307995546,0.7381926406926407,0.7702425876010782,0.5870512129380054,0.7895741239892183
none,0.04,2,0,arch_none_r0.04_d2_s0,9,0,0.709422782406273,0.5967641015059089,0.7110064935064936,0.7668571428571429,0.5710404312668464,0.7887870619946091
none,0.04,2,1,arch_none_r0.04_d2_s1,0,0,0.7296428367230253,0.610392082263979,0.7271212121212121,0.777487870619946,0.6067169811320755,0.807245283018868
none,0.04,2,1,arch_none_r0.04_d2_s1,1,0,0.7367880727762803,0.6134753156476096,0.709642857142857,0.7866199460916441,0.6130134770889488,0.8378760107816712
none,0.04,2,1,arch_none_r0.04_d2_s1,2,0,0.7355777995589317,0.6176225834741227,0.7067532467532467,0.7736927223719677,0.6278382749326146,0.8340269541778975
none,0.04,2,1,arch_none_r0.04_d2_s1,3,0,0.7259617332353181,0.6066720188120387,0.6794372294372295,0.784355795148248,0.6437735849056604,0.7962803234501348
none,0.04,2,1,arch_none_r0.04_d2_s1,4,0,0.7603241239892184,0.632286602011031,0.7264285714285714,0.8019514824797844,0.671978436657682,0.8409380053908356
none,0.04,2,1,arch_none_r0.04_d2_s1,5,0,0.7422727987421385,0.6232689893687908,0.7348809523809524,0.782911051212938,0.6190188679245283,0.8322803234501348
none,0.04,2,1,arch_none_r0.04_d2_s1,6,0,0.7284534529935474,0.6129741699875761,0.7492316017316016,0.7655202156334232,0.6040539083557952,0.7950080862533693
none,0.04,2,1,arch_none_r0.04_d2_s1,7,0,0.7367878175283835,0.6222678265131096,0.7293722943722942,0.7864474393530998,0.6069865229110513,0.824345013477089
none,0.04,2,1,arch_none_r0.04_d2_s1,8,0,0.7289855631789595,0.6115013627550867,0.7146969696969697,0.7762479784366576,0.6125390835579514,0.8124582210242588
none,0.04,2,1,arch_none_r0.04_d2_s1,9,0,0.7363455443927143,0.6136186306245889,0.7434199134199135,0.7769164420485176,0.6106954177897574,0.8143504043126686
none,0.04,2,2,arch_none_r0.04_d2_s2,0,0,0.708913726210896,0.6125476104497952,0.7228354978354978,0.7415094339622642,0.5708894878706199,0.8004204851752021
none,0.04,2,2,arch_none_r0.04_d2_s2,1,0,0.7356992465082088,0.61980557095999,0.7640584415584417,0.7819622641509434,0.5963018867924529,0.8004743935309974
none,0.04,2,2,arch_none_r0.04_d2_s2,2,0,0.7356917932696234,0.626651212078223,0.7361580086580087,0.787644204851752,0.5897789757412398,0.8291859838274932
none,0.04,2,2,arch_none_r0.04_d2_s2,3,0,0.7391697500612595,0.6240778833877146,0.7342207792207793,0.7705444743935311,0.6037951482479784,0.8481185983827493
none,0.04,2,2,arch_none_r0.04_d2_s2,4,0,0.7458559789267336,0.6266455160198954,0.7501948051948051,0.7674177897574124,0.63777897574124,0.828032345013477
none,0.04,2,2,arch_none_r0.04_d2_s2,5,0,0.7529663991668709,0.6295968265432019,0.7358116883116883,0.7933153638814017,0.6466415094339624,0.8360970350404313
none,0.04,2,2,arch_none_r0.04_d2_s2,6,0,0.7260028587764437,0.6212328097258584,0.7258874458874459,0.7744258760107816,0.5904582210242587,0.8132398921832884
none,0.04,2,2,arch_none_r0.04_d2_s2,7,0,0.7297537878787879,0.6213555973982985,0.7361580086580086,0.78544474393531,0.5819946091644205,0.8154177897574124
none,0.04,2,2,arch_none_r0.04_d2_s2,8,0,0.7155374703912439,0.6110161768056506,0.7382900432900434,0.7571859838274932,0.5855956873315364,0.7810781671159028
none,0.04,2,2,arch_none_r0.04_d2_s2,9,0,0.7432116311361594,0.6255768602466716,0.7271861471861473,0.7984150943396227,0.6126684636118598,0.834576819407008
per_layer,0.04,2,0,arch_per_layer_r0.04_d2_s0,0,0,0.7032123662501021,0.5939597062983359,0.7079653679653679,0.7523234501347709,0.5975309973045821,0.7550296495956874
per_layer,0.04,2,0,arch_per_layer_r0.04_d2_s0,1,0,0.7173135669362085,0.6024827291212594,0.720952380952381,0.7789757412398922,0.6052938005390835,0.764032345013477
per_layer,0.04,2,0,arch_per_layer_r0.04_d2_s0,2,0,0.7182264253042554,0.5975670307845085,0.7171536796536796,0.7672991913746631,0.6186415094339621,0.769811320754717
per_layer,0.04,2,0,arch_per_layer_r0.04_d2_s0,3,0,0.7110324062729724,0.5995715059518436,0.7172077922077922,0.7812075471698114,0.5724204851752022,0.7732938005390836
per_layer,0.04,2,0,arch_per_layer_r0.04_d2_s0,4,0,0.7203097177979253,0.6070853054591883,0.7340151515151515,0.7739838274932613,0.5765498652291106,0.7966900269541778
per_layer,0.04,2,0,arch_per_layer_r0.04_d2_s0,5,0,0.7217269358000491,0.6047482557164782,0.7191233766233766,0.7811212938005392,0.5903827493261455,0.7962803234501349
per_layer,0.04,2,0,arch_per_layer_r0.04_d2_s0,6,0,0.7025941609491138,0.5971687903291677,0.7083820346320345,0.7794285714285715,0.5551482479784366,0.7674177897574124
per_layer,0.04,2,0,arch_per_layer_r0.04_d2_s0,7,0,0.7038469431511885,0.5936429302243602,0.723474025974026,0.7622964959568734,0.5834393530997304,0.746177897574124
per_layer,0.04,2,0,arch_per_layer_r0.04_d2_s0,8,0,0.7188600118435025,0.6016294488364995,0.7287554112554113,0.7832021563342318,0.5969272237196765,0.76655525606469
per_layer,0.04,2,0,arch_per_layer_r0.04_d2_s0,9,0,0.6935332536959896,0.5935615733157937,0.6966774891774892,0.7692398921832885,0.5555363881401617,0.7526792452830189
per_layer,0.04,2,1,arch_per_layer_r0.04_d2_s1,0,0,0.7248258290451688,0.6046364840058982,0.7125216450216451,0.7863288409703504,0.6030080862533693,0.7974447439353101
per_layer,0.04,2,1,arch_per_layer_r0.04_d2_s1,1,0,0.7587853773584907,0.6194505883060997,0.7439285714285714,0.8034609164420488,0.6674393530997305,0.8203126684636118
per_layer,0.04,2,1,arch_per_layer_r0.04_d2_s1,2,0,0.730565874377195,0.6039366748775885,0.7198268398268398,0.7829433962264151,0.6205714285714286,0.7989218328840969
per_layer,0.04,2,1,arch_per_layer_r0.04_d2_s1,3,0,0.7203908559993465,0.5991827231027826,0.7371645021645021,0.7763342318059299,0.5943504043126685,0.7737142857142856
per_layer,0.04,2,1,arch_per_layer_r0.04_d2_s1,4,0,0.7430854978354979,0.6092912921239634,0.72491341991342,0.7890134770889489,0.640711590296496,0.8177035040431266
per_layer,0.04,2,1,arch_per_layer_r0.04_d2_s1,5,0,0.730908682512456,0.6052087229222284,0.7289177489177489,0.7876010781671159,0.6055417789757411,0.8015741239892183
per_layer,0.04,2,1,arch_per_layer_r0.04_d2_s1,6,0,0.7324508290451686,0.6082098470877022,0.7407359307359307,0.7936280323450134,0.6024150943396226,0.7930242587601077
per_layer,0.04,2,1,arch_per_layer_r0.04_d2_s1,7,0,0.7263964306134117,0.6036122682349098,0.7059307359307359,0.7739514824797844,0.6153423180592992,0.8103611859838274
per_layer,0.04,2,1,arch_per_layer_r0.04_d2_s1,8,0,0.7305587784856652,0.604766848510642,0.7180194805194806,0.7830727762803235,0.6200431266846361,0.8010997304582209
per_layer,0.04,2,1,arch_per_layer_r0.04_d2_s1,9,0,0.7179526055705301,0.601905385246994,0.7211904761904762,0.7739191374663074,0.6028787061994608,0.7738221024258761
per_layer,0.04,2,2,arch_per_layer_r0.04_d2_s2,0,0,0.7385633729478069,0.6100309736605665,0.7257467532467533,0.7820592991913746,0.6260592991913747,0.820388140161725
per_layer,0.04,2,2,arch_per_layer_r0.04_d2_s2,1,0,0.7389937311116557,0.6112271996457697,0.7390692640692641,0.7839245283018867,0.5987601078167116,0.8342210242587602
per_layer,0.04,2,2,arch_per_layer_r0.04_d2_s2,2,0,0.7384882075471698,0.6106445358679718,0.7089285714285715,0.7987385444743935,0.6300700808625337,0.8162156334231807
per_layer,0.04,2,2,arch_per_layer_r0.04_d2_s2,3,0,0.7358178653107899,0.6058620500651285,0.738365800865801,0.7874932614555257,0.6249703504043127,0.7924420485175203
per_layer,0.04,2,2,arch_per_layer_r0.04_d2_s2,4,0,0.7501364351057748,0.6199543670496998,0.7389069264069266,0.8019514824797844,0.6376172506738544,0.8220700808625336
per_layer,0.04,2,2,arch_per_layer_r0.04_d2_s2,5,0,0.7314621416319529,0.608126179513965,0.7212987012987013,0.7893369272237197,0.6126792452830189,0.8025336927223718
per_layer,0.04,2,2,arch_per_layer_r0.04_d2_s2,6,0,0.7320439843175692,0.6031089731189037,0.7466233766233765,0.7751590296495958,0.6165175202156336,0.789876010781671
per_layer,0.04,2,2,arch_per_layer_r0.04_d2_s2,7,0,0.7314144919545863,0.6071569360794782,0.7393614718614718,0.7779299191374665,0.6111374663072776,0.7972291105121294
per_layer,0.04,2,2,arch_per_layer_r0.04_d2_s2,8,0,0.7351408764191784,0.6073946121736589,0.7293290043290043,0.792366576819407,0.609843665768194,0.809024258760108
per_layer,0.04,2,2,arch_per_layer_r0.04_d2_s2,9,0,0.718808798905497,0.6016836688634106,0.7201839826839826,0.7809164420485175,0.5805390835579515,0.7935956873315364
none,0.08,2,0,arch_none_r0.08_d2_s0,0,0,0.7162217900024503,0.6145308060030006,0.666525974025974,0.7331967654986523,0.5882371967654988,0.8769272237196765
none,0.08,2,0,arch_none_r0.08_d2_s0,1,0,0.721217481417953,0.6217645313971034,0.6619588744588746,0.7242911051212939,0.6059622641509433,0.8926576819407007
none,0.08,2,0,arch_none_r0.08_d2_s0,2,0,0.724877532059136,0.6146513904830687,0.6816125541125542,0.7182857142857144,0.6181239892183288,0.8814878706199463
none,0.08,2,0,arch_none_r0.08_d2_s0,3,0,0.7191931613983501,0.6148700976282903,0.6590367965367965,0.7260377358490566,0.6017574123989219,0.8899407008086254
none,0.08,2,0,arch_none_r0.08_d2_s0,4,0,0.7300443110348771,0.6218415356573251,0.6669696969696969,0.7310727762803235,0.6158598382749326,0.9062749326145554
none,0.08,2,0,arch_none_r0.08_d2_s0,5,0,0.7273400922976394,0.6195957303206558,0.6833549783549784,0.7524312668463612,0.5989433962264151,0.8746307277628033
none,0.08,2,0,arch_none_r0.08_d2_s0,6,0,0.695669239565466,0.6104047103178185,0.6465367965367964,0.6909218328840971,0.5730997304582209,0.8721185983827493
none,0.08,2,0,arch_none_r0.08_d2_s0,7,0,0.7219723107081597,0.6188197767145136,0.6677922077922077,0.7228140161725067,0.6133045822102426,0.8839784366576818
none,0.08,2,0,arch_none_r0.08_d2_s0,8,0,0.7090180102915953,0.6112222021606332,0.641948051948052,0.7115795148247979,0.5984690026954178,0.8840754716981132
none,0.08,2,0,arch_none_r0.08_d2_s0,9,0,0.714189393939394,0.6108064973755143,0.6750432900432901,0.7096495956873315,0.5971320754716981,0.8749326145552561
none,0.08,2,1,arch_none_r0.08_d2_s1,0,0,0.7258550600343052,0.6204770610058594,0.6549350649350649,0.734199460916442,0.6241832884097035,0.8901024258760107
none,0.08,2,1,arch_none_r0.08_d2_s1,1,0,0.7317619660214,0.6218682963841852,0.661969696969697,0.7435471698113207,0.6287978436657682,0.892733153638814
none,0.08,2,1,arch_none_r0.08_d2_s1,2,0,0.7265572061586212,0.6238807782750186,0.653495670995671,0.7385660377358492,0.6194932614555255,0.8946738544474393
none,0.08,2,1,arch_none_r0.08_d2_s1,3,0,0.7244151045495385,0.6194121667805879,0.6600108225108225,0.7339514824797844,0.6114393530997305,0.8922587601078168
none,0.08,2,1,arch_none_r0.08_d2_s1,4,0,0.7246366903536715,0.6236278410434319,0.6577489177489177,0.7324420485175202,0.6181132075471698,0.8902425876010782
none,0.08,2,1,arch_none_r0.08_d2_s1,5,0,0.732144603038471,0.6285467098277426,0.6761363636363636,0.7355363881401618,0.6225660377358491,0.8943396226415095
none,0.08,2,1,arch_none_r0.08_d2_s1,6,0,0.724175457404231,0.6160229046028451,0.6774134199134199,0.7242264150943397,0.6077628032345014,0.8872991913746631
none,0.08,2,1,arch_none_r0.08_d2_s1,7,0,0.7195851813281059,0.6223023790178706,0.6631493506493508,0.7284743935309974,0.6102641509433963,0.8764528301886793
none,0.08,2,1,arch_none_r0.08_d2_s1,8,0,0.7355788613901821,0.6246690375166045,0.6764502164502165,0.7314393530997304,0.6316010781671159,0.9028247978436658
none,0.08,2,1,arch_none_r0.08_d2_s1,9,0,0.7183794515233195,0.6199708641242901,0.636504329004329,0.7282587601078168,0.6158921832884097,0.8928625336927225
none,0.08,2,2,arch_none_r0.08_d2_s2,0,0,0.7106991750387976,0.5993262530253592,0.6796969696969697,0.7304258760107817,0.5793800539083558,0.8532938005390835
none,0.08,2,2,arch_none_r0.08_d2_s2,1,0,0.7149926488605735,0.600798254211859,0.6636363636363637,0.7194285714285715,0.6255525606469002,0.8513530997304581
none,0.08,2,2,arch_none_r0.08_d2_s2,2,0,0.7268245528056849,0.611405228336708,0.6540259740259741,0.738501347708895,0.6415525606469002,0.8732183288409705
none,0.08,2,2,arch_none_r0.08_d2_s2,3,0,0.7175527750551336,0.6089995034756703,0.6487987012987013,0.7303504043126685,0.616010781671159,0.8750512129380054
none,0.08,2,2,arch_none_r0.08_d2_s2,4,0,0.7332250980151924,0.6187365927683703,0.6814610389610389,0.7295094339622642,0.630188679245283,0.8917412398921833
none,0.08,2,2,arch_none_r0.08_d2_s2,5,0,0.7132338683329249,0.6066116728356052,0.6479004329004329,0.7256711590296496,0.6092291105121294,0.8701347708894879
none,0.08,2,2,arch_none_r0.08_d2_s2,6,0,0.6997915033080128,0.5908179002394494,0.6532792207792207,0.716010781671159,0.5967439353099732,0.8331320754716981
none,0.08,2,2,arch_none_r0.08_d2_s2,7,0,0.7049632953524463,0.6014954302566021,0.6353787878787879,0.7172291105121293,0.6009595687331537,0.8662857142857143
none,0.08,2,2,arch_none_r0.08_d2_s2,8,0,0.7131153516295026,0.606035349952927,0.6537012987012987,0.7227385444743936,0.6082803234501348,0.8677412398921832
none,0.08,2,2,arch_none_r0.08_d2_s2,9,0,0.7086110124152577,0.603975365085097,0.6562445887445887,0.7289056603773585,0.6012938005390835,0.8480000000000001
per_layer,0.08,2,0,arch_per_layer_r0.08_d2_s0,0,0,0.725086508617169,0.6205792139009616,0.6745562770562772,0.7348787061994608,0.6015633423180593,0.8893477088948787
per_layer,0.08,2,0,arch_per_layer_r0.08_d2_s0,1,0,0.7281221208037246,0.6208418236844254,0.6837337662337664,0.7223396226415095,0.6154609164420486,0.8909541778975741
per_layer,0.08,2,0,arch_per_layer_r0.08_d2_s0,2,0,0.7398558666176591,0.624830999024147,0.6900757575757576,0.7398274932614556,0.627234501347709,0.9022857142857142
per_layer,0.08,2,0,arch_per_layer_r0.08_d2_s0,3,0,0.730313372947807,0.6214118594083837,0.6778896103896104,0.7214231805929919,0.6188032345013477,0.9031374663072778
per_layer,0.08,2,0,arch_per_layer_r0.08_d2_s0,4,0,0.7316150351221105,0.6222583151704304,0.6747943722943723,0.7205822102425876,0.6431374663072775,0.8879460916442048
per_layer,0.08,2,0,arch_per_layer_r0.08_d2_s0,5,0,0.7392345319774565,0.6284455779242274,0.688603896103896,0.7343611859838274,0.6284420485175203,0.9055309973045822
per_layer,0.08,2,0,arch_per_layer_r0.08_d2_s0,6,0,0.7121727313566937,0.6147963712884269,0.6602380952380953,0.715611859838275,0.5893261455525606,0.8835148247978437
per_layer,0.08,2,0,arch_per_layer_r0.08_d2_s0,7,0,0.7309020358572245,0.62124764097207,0.6761580086580088,0.7282156334231806,0.6232129380053908,0.8960215633423181
per_layer,0.08,2,0,arch_per_layer_r0.08_d2_s0,8,0,0.7325293126684636,0.6194003985091374,0.6867857142857143,0.7328625336927223,0.6194070080862534,0.8910619946091645
per_layer,0.08,2,0,arch_per_layer_r0.08_d2_s0,9,0,0.7190295679163603,0.6146925525649458,0.6827705627705627,0.7282479784366577,0.5966253369272237,0.8684743935309972
per_layer,0.08,2,1,arch_per_layer_r0.08_d2_s1,0,0,0.7360685902148166,0.6237208050142509,0.686991341991342,0.7276442048517521,0.63855525606469,0.8910835579514824
per_layer,0.08,2,1,arch_per_layer_r0.08_d2_s1,1,0,0.7397763926325247,0.6293024585477416,0.6658333333333333,0.738544474393531,0.6416603773584906,0.9130673854447439
per_layer,0.08,2,1,arch_per_layer_r0.08_d2_s1,2,0,0.7359891672792618,0.6295322353912225,0.6742316017316018,0.739288409703504,0.6249595687331537,0.9054770889487871
per_layer,0.08,2,1,arch_per_layer_r0.08_d2_s1,3,0,0.7356828698031528,0.629839338913321,0.6666991341991343,0.7406576819407007,0.6260592991913747,0.9093153638814016
per_layer,0.08,2,1,arch_per_layer_r0.08_d2_s1,4,0,0.7448497508780527,0.6401316326837677,0.655021645021645,0.7594285714285715,0.6438167115902964,0.9211320754716981
per_layer,0.08,2,1,arch_per_layer_r0.08_d2_s1,5,0,0.7428192232296007,0.6342313223023253,0.676948051948052,0.7452506738544473,0.6340592991913748,0.9150188679245284
per_layer,0.08,2,1,arch_per_layer_r0.08_d2_s1,6,0,0.7195217471208037,0.6227260367900884,0.6673376623376623,0.7220053908355795,0.6055741239892183,0.8831698113207547
per_layer,0.08,2,1,arch_per_layer_r0.08_d2_s1,7,0,0.7195805970758801,0.6237312836121178,0.6668614718614718,0.7288625336927224,0.596355795148248,0.8862425876010782
per_layer,0.08,2,1,arch_per_layer_r0.08_d2_s1,8,0,0.7391161786326881,0.6335754695486572,0.6945779220779222,0.7217897574123989,0.6337466307277628,0.9063504043126686
per_layer,0.08,2,1,arch_per_layer_r0.08_d2_s1,9,0,0.7312193294127256,0.626007396278002,0.681060606060606,0.734533692722372,0.6041078167115903,0.9051752021563342
per_layer,0.08,2,2,arch_per_layer_r0.08_d2_s2,0,0,0.7298295352446297,0.6168607625410009,0.6850216450216451,0.7382964959568734,0.6224690026954178,0.8735309973045823
per_layer,0.08,2,2,arch_per_layer_r0.08_d2_s2,1,0,0.7361680450053092,0.6250352510779522,0.6924134199134199,0.7448948787061995,0.620388140161725,0.8869757412398922
per_layer,0.08,2,2,arch_per_layer_r0.08_d2_s2,2,0,0.7247175018377849,0.620081399897686,0.6691233766233765,0.7376603773584905,0.6116118598382749,0.8804743935309973
per_layer,0.08,2,2,arch_per_layer_r0.08_d2_s2,3,0,0.7266043045005309,0.6184910711598894,0.6777056277056277,0.7343180592991914,0.6137897574123988,0.8806037735849057
per_layer,0.08,2,2,arch_per_layer_r0.08_d2_s2,4,0,0.7348468614718615,0.6288102331299948,0.6833874458874459,0.7429218328840972,0.6126792452830189,0.9003989218328841
per_layer,0.08,2,2,arch_per_layer_r0.08_d2_s2,5,0,0.7266741403250836,0.623582111367613,0.666017316017316,0.7288733153638814,0.6207762803234501,0.8910296495956873
per_layer,0.08,2,2,arch_per_layer_r0.08_d2_s2,6,0,0.7082379625091889,0.6086084099614387,0.6550974025974026,0.714878706199461,0.5974663072776281,0.8655094339622641
per_layer,0.08,2,2,arch_per_layer_r0.08_d2_s2,7,0,0.7152621395899699,0.6172932330827068,0.6550108225108225,0.7207439353099732,0.6114501347708895,0.8738436657681941
per_layer,0.08,2,2,arch_per_layer_r0.08_d2_s2,8,0,0.7287306266846362,0.619027467897875,0.6901785714285714,0.7415525606469003,0.6059191374663073,0.8772722371967655
per_layer,0.08,2,2,arch_per_layer_r0.08_d2_s2,9,0,0.718563444417218,0.6142929686996221,0.6772510822510822,0.7134231805929919,0.6063180592991914,0.8772614555256064
none,0.17,2,0,arch_none_r0.17_d2_s0,0,0,0.5719880952380952,0.5315823864979774,0.46166666666666667,0.512743935309973,0.5261024258760107,0.7874393530997305
none,0.17,2,0,arch_none_r0.17_d2_s0,1,0,0.5797607918810749,0.5279677538614976,0.4807251082251082,0.524345013477089,0.5219083557951482,0.7920646900269542
none,0.17,2,0,arch_none_r0.17_d2_s0,2,0,0.5711298905497019,0.5264286896486499,0.4576839826839827,0.4997196765498652,0.5351590296495957,0.7919568733153639
none,0.17,2,0,arch_none_r0.17_d2_s0,3,0,0.5695438924283264,0.5289954087620423,0.45366883116883117,0.5139514824797843,0.5281293800539083,0.7824258760107816
none,0.17,2,0,arch_none_r0.17_d2_s0,4,0,0.5678168545291187,0.5264715175589059,0.44872294372294375,0.5021563342318058,0.5282371967654986,0.7921509433962265
none,0.17,2,0,arch_none_r0.17_d2_s0,5,0,0.5725536531078983,0.5266260097069433,0.44115800865800864,0.5373800539083559,0.5256603773584906,0.7860161725067385
none,0.17,2,0,arch_none_r0.17_d2_s0,6,0,0.5607001960303847,0.5270139327736151,0.46220779220779223,0.4854339622641509,0.5145121293800539,0.7806469002695419
none,0.17,2,0,arch_none_r0.17_d2_s0,7,0,0.5687069345748591,0.5272786920130514,0.4579220779220779,0.509466307277628,0.5151805929919138,0.7922587601078168
none,0.17,2,0,arch_none_r0.17_d2_s0,8,0,0.5667586988483215,0.5251849606864503,0.4542207792207792,0.5164097035040431,0.5130188679245282,0.7833854447439353
none,0.17,2,0,arch_none_r0.17_d2_s0,9,0,0.5642211263579189,0.525690566467627,0.46010822510822513,0.49729380053908356,0.5145660377358491,0.7849164420485176
none,0.17,2,1,arch_none_r0.17_d2_s1,0,0,0.42775139875847423,0.50867601035178,0.5079112554112554,0.5022425876010781,0.4365390835579515,0.2643126684636118
none,0.17,2,1,arch_none_r0.17_d2_s1,1,0,0.42445469860328344,0.5124557749433618,0.5076948051948053,0.5105983827493261,0.41299191374663075,0.26653369272237193
none,0.17,2,1,arch_none_r0.17_d2_s1,2,0,0.43090541533937765,0.5120320634347447,0.5168831168831169,0.5064366576819407,0.43273315363881404,0.2675687331536388
none,0.17,2,1,arch_none_r0.17_d2_s1,3,0,0.43293280854365757,0.509285811011233,0.4973484848484848,0.5241832884097035,0.4302749326145552,0.2799245283018868
none,0.17,2,1,arch_none_r0.17_d2_s1,4,0,0.4276437147757903,0.5090472751346634,0.4994805194805195,0.514911051212938,0.42203773584905657,0.27414555256064693
none,0.17,2,1,arch_none_r0.17_d2_s1,5,0,0.42567231275014294,0.5080668545291187,0.5012229437229437,0.49918059299191375,0.43933153638814015,0.26295417789757414
none,0.17,2,1,arch_none_r0.17_d2_s1,6,0,0.42247512864493997,0.5106620001977499,0.5064935064935066,0.5037196765498653,0.419989218328841,0.2596981132075472
none,0.17,2,1,arch_none_r0.17_d2_s1,7,0,0.4281908335375317,0.510310295464218,0.5079978354978355,0.5206145552560647,0.4370242587601078,0.24712668463611862
none,0.17,2,1,arch_none_r0.17_d2_s1,8,0,0.42888308625336924,0.5084696625784014,0.5160714285714286,0.5018867924528302,0.4263288409703504,0.27124528301886797
none,0.17,2,1,arch_none_r0.17_d2_s1,9,0,0.4169602221677694,0.5092772669237416,0.5035497835497835,0.4972075471698113,0.41147169811320755,0.25561185983827495
none,0.17,2,2,arch_none_r0.17_d2_s2,0,0,0.5813707628849138,0.526546909727148,0.4758658008658009,0.5435256064690026,0.5287870619946092,0.7773045822102427
none,0.17,2,2,arch_none_r0.17_d2_s2,1,0,0.5611097565956056,0.5231633973441322,0.4534848484848485,0.5140808625336928,0.5066846361185984,0.770188679245283
none,0.17,2,2,arch_none_r0.17_d2_s2,2,0,0.5774957884097035,0.5255476813818423,0.4726785714285714,0.5264474393530997,0.5348140161725068,0.776043126684636
none,0.17,2,2,arch_none_r0.17_d2_s2,3,0,0.5835260965449645,0.5297001079026898,0.48051948051948046,0.528010781671159,0.5378760107816711,0.7876981132075472
none,0.17,2,2,arch_none_r0.17_d2_s2,4,0,0.5786734766805521,0.5269125859245025,0.47674242424242425,0.5186091644204852,0.5350943396226415,0.7842479784366576
none,0.17,2,2,arch_none_r0.17_d2_s2,5,0,0.5812590357755453,0.5274968617942799,0.4688636363636363,0.5312129380053908,0.5383935309973046,0.7865660377358491
none,0.17,2,2,arch_none_r0.17_d2_s2,6,0,0.5640150902556563,0.5235473976536539,0.4617099567099567,0.5054878706199462,0.5140592991913747,0.7748032345013476
none,0.17,2,2,arch_none_r0.17_d2_s2,7,0,0.575082414440905,0.5234472867417257,0.4645021645021645,0.5237196765498653,0.5329487870619946,0.7791590296495957
none,0.17,2,2,arch_none_r0.17_d2_s2,8,0,0.5783432471616433,0.5267011869295881,0.4809848484848485,0.526199460916442,0.5301347708894878,0.7760539083557951
none,0.17,2,2,arch_none_r0.17_d2_s2,9,0,0.5714635812300907,0.5259080914120635,0.4685389610389611,0.5183504043126684,0.5202803234501348,0.7786846361185984
per_layer,0.17,2,0,arch_per_layer_r0.17_d2_s0,0,0,0.5710102456505759,0.5259640847401522,0.47086038961038956,0.5329811320754717,0.5046522911051213,0.7755471698113208
per_layer,0.17,2,0,arch_per_layer_r0.17_d2_s0,1,0,0.5757518582046883,0.5244892355244887,0.4626839826839827,0.528388140161725,0.5363126684636118,0.775622641509434
per_layer,0.17,2,0,arch_per_layer_r0.17_d2_s0,2,0,0.5796957445070653,0.5273102352794508,0.48034632034632035,0.5160539083557952,0.5290781671159029,0.7933045822102426
per_layer,0.17,2,0,arch_per_layer_r0.17_d2_s0,3,0,0.5702630686923139,0.5270953434185808,0.45885281385281385,0.5087870619946092,0.5305229110512129,0.7828894878706198
per_layer,0.17,2,0,arch_per_layer_r0.17_d2_s0,4,0,0.5825629032916769,0.5286904009595171,0.4738203463203463,0.5128301886792453,0.5548355795148248,0.7887654986522912
per_layer,0.17,2,0,arch_per_layer_r0.17_d2_s0,5,0,0.5762172465898882,0.5271404819940073,0.4817099567099567,0.523622641509434,0.521822102425876,0.7777142857142858
per_layer,0.17,2,0,arch_per_layer_r0.17_d2_s0,6,0,0.5660173670668953,0.5242131379047963,0.4584090909090909,0.506156334231806,0.5265876010781672,0.7729164420485175
per_layer,0.17,2,0,arch_per_layer_r0.17_d2_s0,7,0,0.5765167136322796,0.5278667831671804,0.46200216450216447,0.5226307277628033,0.5336495956873315,0.7877843665768194
per_layer,0.17,2,0,arch_per_layer_r0.17_d2_s0,8,0,0.5728831577227804,0.5284571312500806,0.4618614718614719,0.5326684636118598,0.5105013477088949,0.7865013477088949
per_layer,0.17,2,0,arch_per_layer_r0.17_d2_s0,9,0,0.5681284407416483,0.5250253635804777,0.4732900432900432,0.5156657681940701,0.5128301886792452,0.7707277628032344
per_layer,0.17,2,1,arch_per_layer_r0.17_d2_s1,0,0,0.4214384546271338,0.5106789808999342,0.499047619047619,0.5281509433962264,0.4177897574123989,0.2407654986522911
per_layer,0.17,2,1,arch_per_layer_r0.17_d2_s1,1,0,0.4177273441966838,0.504930099691768,0.49955627705627703,0.48660916442048513,0.4244528301886792,0.26029110512129383
per_layer,0.17,2,1,arch_per_layer_r0.17_d2_s1,2,0,0.4245930633831577,0.510088471607836,0.5057900432900432,0.5131536388140162,0.43446900269541777,0.24495956873315367
per_layer,0.17,2,1,arch_per_layer_r0.17_d2_s1,3,0,0.4261568447275994,0.5081421929609615,0.5205411255411255,0.49669002695417785,0.4378436657681941,0.24955256064690026
per_layer,0.17,2,1,arch_per_layer_r0.17_d2_s1,4,0,0.4235432798333742,0.5107579734069306,0.4930194805194805,0.5268787061994609,0.42191913746630727,0.25235579514824796
per_layer,0.17,2,1,arch_per_layer_r0.17_d2_s1,5,0,0.42110519276321157,0.5102765490054467,0.49436147186147184,0.5191482479784366,0.41119137466307276,0.25971967654986516
per_layer,0.17,2,1,arch_per_layer_r0.17_d2_s1,6,0,0.422615004492363,0.5100404312668464,0.4976190476190476,0.5149649595687331,0.4347493261455526,0.2431266846361186
per_layer,0.17,2,1,arch_per_layer_r0.17_d2_s1,7,0,0.4226587846116148,0.5087676846490153,0.5097402597402597,0.4965390835579515,0.426544474393531,0.25781132075471697
per_layer,0.17,2,1,arch_per_layer_r0.17_d2_s1,8,0,0.42291795311606634,0.5100871281978532,0.5016017316017316,0.49790835579514825,0.4326576819407008,0.2595040431266846
per_layer,0.17,2,1,arch_per_layer_r0.17_d2_s1,9,0,0.42645841501266024,0.5134078764664664,0.5002056277056277,0.5122371967654986,0.4348679245283018,0.25852291105121294
per_layer,0.17,2,2,arch_per_layer_r0.17_d2_s2,0,0,0.573084303275341,0.5282475055563437,0.4550757575757575,0.5128625336927223,0.5312345013477089,0.7931644204851751
per_layer,0.17,2,2,arch_per_layer_r0.17_d2_s2,1,0,0.5684618455443927,0.5260177674030703,0.4609848484848485,0.5051644204851752,0.5231266846361186,0.7845714285714287
per_layer,0.17,2,2,arch_per_layer_r0.17_d2_s2,2,0,0.573129175855591,0.5259789697227633,0.4654978354978355,0.5234285714285715,0.5198814016172506,0.7837088948787062
per_layer,0.17,2,2,arch_per_layer_r0.17_d2_s2,3,0,0.5806936412643959,0.5275366804661741,0.4766883116883117,0.5065822102425875,0.54944474393531,0.7900592991913747
per_layer,0.17,2,2,arch_per_layer_r0.17_d2_s2,4,0,0.5786491821857388,0.5290862232768887,0.45527597402597403,0.5159353099730458,0.5500161725067385,0.7933692722371968
per_layer,0.17,2,2,arch_per_layer_r0.17_d2_s2,5,0,0.5767200441068365,0.5305355477028764,0.48038961038961037,0.5097142857142858,0.5365067385444744,0.7802695417789757
per_layer,0.17,2,2,arch_per_layer_r0.17_d2_s2,6,0,0.5832944131340358,0.5287003959297902,0.4663636363636364,0.5286037735849057,0.556355795148248,0.7818544474393531
per_layer,0.17,2,2,arch_per_layer_r0.17_d2_s2,7,0,0.571241740178061,0.5274799885648942,0.470530303030303,0.5040862533692723,0.5223396226415093,0.788010781671159
per_layer,0.17,2,2,arch_per_layer_r0.17_d2_s2,8,0,0.5752389528710282,0.5274107760825735,0.47471861471861476,0.5127924528301886,0.5250673854447439,0.788377358490566
per_layer,0.17,2,2,arch_per_layer_r0.17_d2_s2,9,0,0.5677345217675407,0.5238203248257866,0.46145021645021644,0.5128194070080863,0.523245283018868,0.7734231805929919
none,0.34,2,0,arch_none_r0.34_d2_s0,0,0,0.48953796046720577,0.5196755826100414,0.31595238095238093,0.36287870619946094,0.5000862533692721,0.7792345013477089
none,0.34,2,0,arch_none_r0.34_d2_s0,1,0,0.4858649432328678,0.5215086386635542,0.32541125541125543,0.34783827493261454,0.4852506738544474,0.7849595687331536
none,0.34,2,0,arch_none_r0.34_d2_s0,2,0,0.4845917463040105,0.5170377702403521,0.3186796536796537,0.3507169811320755,0.5031913746630727,0.7657789757412399
none,0.34,2,0,arch_none_r0.34_d2_s0,3,0,0.48766357306215796,0.5235880223715378,0.29767316017316015,0.36790296495956876,0.4891536388140162,0.7959245283018868
none,0.34,2,0,arch_none_r0.34_d2_s0,4,0,0.5127768929184024,0.5226552122157881,0.34350649350649354,0.3867493261455526,0.5152991913746631,0.8055525606469004
none,0.34,2,0,arch_none_r0.34_d2_s0,5,0,0.47995731234174627,0.5169508247462566,0.3133225108225108,0.3494231805929919,0.48665229110512126,0.7704312668463611
none,0.34,2,0,arch_none_r0.34_d2_s0,6,0,0.49476884750469663,0.5206123155229412,0.34354978354978355,0.3558814016172507,0.4814770889487871,0.798167115902965
none,0.34,2,0,arch_none_r0.34_d2_s0,7,0,0.48150504369843994,0.5197610234849559,0.3024891774891775,0.3761347708894879,0.45745552560646907,0.7899407008086253
none,0.34,2,0,arch_none_r0.34_d2_s0,8,0,0.48553781752838354,0.520131052330655,0.32151515151515153,0.3595363881401617,0.4783611859838275,0.7827385444743935
none,0.34,2,0,arch_none_r0.34_d2_s0,9,0,0.49152573919790904,0.521008191576712,0.30728354978354977,0.36495956873315366,0.5155471698113208,0.7783126684636119
none,0.34,2,1,arch_none_r0.34_d2_s1,0,0,0.4863354263660868,0.5192386519471922,0.3298376623376623,0.36325606469002697,0.4811212938005391,0.7711266846361187
none,0.34,2,1,arch_none_r0.34_d2_s1,1,0,0.49754289185657113,0.5245027770971167,0.33832251082251086,0.3571644204851752,0.49077088948787057,0.8039137466307278
none,0.34,2,1,arch_none_r0.34_d2_s1,2,0,0.5036581209670832,0.5201354587153991,0.34617965367965364,0.38295417789757413,0.48641509433962266,0.7990835579514826
none,0.34,2,1,arch_none_r0.34_d2_s1,3,0,0.49117951074083155,0.5247851618755293,0.295995670995671,0.3499407008086253,0.5183611859838275,0.8004204851752023
none,0.34,2,1,arch_none_r0.34_d2_s1,4,0,0.49637303969615293,0.5215504455822231,0.32113636363636366,0.36846361185983834,0.4971212938005391,0.7987708894878707
none,0.34,2,1,arch_none_r0.34_d2_s1,5,0,0.4931753655149881,0.5220038195832635,0.333030303030303,0.3761401617250673,0.4606522911051213,0.8028787061994609
none,0.34,2,1,arch_none_r0.34_d2_s1,6,0,0.4934317977619864,0.5258512920379852,0.33770562770562773,0.3347708894878706,0.4929056603773585,0.808345013477089
none,0.34,2,1,arch_none_r0.34_d2_s1,7,0,0.49766384872988645,0.5165226531164963,0.3108225108225108,0.3502371967654987,0.5405822102425876,0.7890134770889489
none,0.34,2,1,arch_none_r0.34_d2_s1,8,0,0.4968709772931471,0.5220873259478026,0.35037878787878785,0.35114285714285715,0.4889919137466307,0.7969703504043126
none,0.34,2,1,arch_none_r0.34_d2_s1,9,0,0.4888774299599771,0.5159169901597905,0.34436147186147187,0.37207547169811317,0.4588247978436657,0.7802479784366577
none,0.34,2,2,arch_none_r0.34_d2_s2,0,0,0.4830116393040921,0.5198294836576862,0.33233766233766227,0.36261994609164416,0.4595040431266847,0.7775849056603773
none,0.34,2,2,arch_none_r0.34_d2_s2,1,0,0.4796733031119824,0.5174029628101128,0.3165584415584416,0.34776280323450137,0.4746199460916442,0.7797520215633423
none,0.34,2,2,arch_none_r0.34_d2_s2,2,0,0.4854818161398351,0.5164352239948069,0.3021536796536797,0.348711590296496,0.49031805929919137,0.8007439353099731
none,0.34,2,2,arch_none_r0.34_d2_s2,3,0,0.501960334476844,0.5220548691626149,0.35509740259740263,0.36632345013477097,0.489288409703504,0.7971320754716982
none,0.34,2,2,arch_none_r0.34_d2_s2,4,0,0.495220952789349,0.5250943073808019,0.3313528138528139,0.3409811320754717,0.4998814016172507,0.8086684636118597
none,0.34,2,2,arch_none_r0.34_d2_s2,5,0,0.49078412153883855,0.5195048620694102,0.3368831168831169,0.35619407008086257,0.460388140161725,0.8096711590296496
none,0.34,2,2,arch_none_r0.34_d2_s2,6,0,0.48440298537940046,0.5248516875378841,0.3014502164502164,0.3299191374663073,0.4755471698113207,0.8306954177897574
none,0.34,2,2,arch_none_r0.34_d2_s2,7,0,0.48970294249775376,0.5192618660716972,0.3194047619047619,0.3645929919137466,0.4695094339622641,0.8053045822102425
none,0.34,2,2,arch_none_r0.34_d2_s2,8,0,0.481668453401944,0.5216000980151924,0.2942748917748918,0.36894878706199463,0.471644204851752,0.7918059299191375
none,0.34,2,2,arch_none_r0.34_d2_s2,9,0,0.48748955525606463,0.5198295373940856,0.32607142857142857,0.32605929919137466,0.48419946091644206,0.8136280323450134
per_layer,0.34,2,0,arch_per_layer_r0.34_d2_s0,0,0,0.4268901413052357,0.5117427466608202,0.2778354978354978,0.3278059299191375,0.41690566037735854,0.6850134770889488
per_layer,0.34,2,0,arch_per_layer_r0.34_d2_s0,1,0,0.4305568692313975,0.5043105190076391,0.2845670995670996,0.33904043126684635,0.4305768194070081,0.6680431266846361
per_layer,0.34,2,0,arch_per_layer_r0.34_d2_s0,2,0,0.44328248795229924,0.5100873431434504,0.3251515151515152,0.3237412398921833,0.41431805929919135,0.7099191374663072
per_layer,0.34,2,0,arch_per_layer_r0.34_d2_s0,3,0,0.39893858735604015,0.5007604775231389,0.2863311688311688,0.23525606469002694,0.38404312668463614,0.6901239892183288
per_layer,0.34,2,0,arch_per_layer_r0.34_d2_s0,4,0,0.4217649013722127,0.5040952509919738,0.30365259740259737,0.24837735849056608,0.47738005390835575,0.6576495956873315
per_layer,0.34,2,0,arch_per_layer_r0.34_d2_s0,5,0,0.4465759719839909,0.5109858157400362,0.3619588744588745,0.30685714285714283,0.40492722371967654,0.7125606469002695
per_layer,0.34,2,0,arch_per_layer_r0.34_d2_s0,6,0,0.4355911132892265,0.5087074998817799,0.30372294372294373,0.2843234501347709,0.4356981132075472,0.7186199460916441
per_layer,0.34,2,0,arch_per_layer_r0.34_d2_s0,7,0,0.414683564077432,0.5044445913239359,0.2845779220779221,0.27302425876010783,0.43064150943396223,0.6704905660377358
per_layer,0.34,2,0,arch_per_layer_r0.34_d2_s0,8,0,0.43383746834926085,0.5110436898421009,0.2562878787878788,0.33993530997304583,0.4433962264150943,0.6957304582210243
per_layer,0.34,2,0,arch_per_layer_r0.34_d2_s0,9,0,0.4147571163113616,0.5003624520133954,0.31254329004329,0.2695902964959569,0.40301886792452835,0.6738760107816711
per_layer,0.34,2,1,arch_per_layer_r0.34_d2_s1,0,0,0.4931683104631218,0.5230056810121358,0.3126948051948052,0.3584258760107817,0.4931859838274933,0.8083665768194069
per_layer,0.34,2,1,arch_per_layer_r0.34_d2_s1,1,0,0.4963448807481827,0.5231127776559753,0.3570021645021645,0.33888948787061995,0.4777358490566038,0.8117520215633424
per_layer,0.34,2,1,arch_per_layer_r0.34_d2_s1,2,0,0.49680905415339377,0.5229828967788253,0.35474025974025974,0.32921832884097035,0.4965929919137466,0.8066846361185984
per_layer,0.34,2,1,arch_per_layer_r0.34_d2_s1,3,0,0.4867862758310872,0.5251636810723206,0.30773809523809526,0.32257142857142856,0.5025714285714286,0.8142641509433963
per_layer,0.34,2,1,arch_per_layer_r0.34_d2_s1,4,0,0.47925969431511883,0.5165975079207452,0.3224188311688312,0.336345013477089,0.4551913746630728,0.8030835579514825
per_layer,0.34,2,1,arch_per_layer_r0.34_d2_s1,5,0,0.48664973862615374,0.520848701943538,0.29015151515151516,0.32644204851752023,0.5008194070080862,0.8291859838274933
per_layer,0.34,2,1,arch_per_layer_r0.34_d2_s1,6,0,0.4902785979743527,0.5260456028579167,0.2981709956709957,0.35511590296495954,0.4913530997304582,0.8164743935309973
per_layer,0.34,2,1,arch_per_layer_r0.34_d2_s1,7,0,0.4786436637262109,0.516245749450814,0.3365692640692641,0.3197843665768194,0.46477628032345014,0.79344474393531
per_layer,0.34,2,1,arch_per_layer_r0.34_d2_s1,8,0,0.4916713223883036,0.5244022900303933,0.3458874458874459,0.3609595687331537,0.4463827493261456,0.813455525606469
per_layer,0.34,2,1,arch_per_layer_r0.34_d2_s1,9,0,0.48919477456505756,0.5227882635404979,0.3036038961038961,0.35714285714285715,0.49197843665768193,0.8040539083557952
per_layer,0.34,2,2,arch_per_layer_r0.34_d2_s2,0,0,0.488534162378502,0.5177177506373136,0.32192640692640695,0.3817520215633423,0.4612291105121294,0.7892291105121294
per_layer,0.34,2,2,arch_per_layer_r0.34_d2_s2,1,0,0.5069825818835253,0.5187949504980289,0.33296536796536796,0.39573045822102426,0.5089919137466308,0.7902425876010782
per_layer,0.34,2,2,arch_per_layer_r0.34_d2_s2,2,0,0.5077447521032427,0.5240750353585507,0.3608658008658009,0.38706199460916446,0.47455525606469,0.8084959568733153
per_layer,0.34,2,2,arch_per_layer_r0.34_d2_s2,3,0,0.47991101037327455,0.5203256855689825,0.3128138528138528,0.32982749326145555,0.4887870619946092,0.7882156334231807
per_layer,0.34,2,2,arch_per_layer_r0.34_d2_s2,4,0,0.5153425426774484,0.5182611868436099,0.3788095238095238,0.40113207547169805,0.4979568733153639,0.7834716981132076
per_layer,0.34,2,2,arch_per_layer_r0.34_d2_s2,5,0,0.5027661112472432,0.5245278719955979,0.31207792207792207,0.3721078167115903,0.5301563342318059,0.7967223719676549
per_layer,0.34,2,2,arch_per_layer_r0.34_d2_s2,6,0,0.5050274850935228,0.5175317152228771,0.3462770562770563,0.42357951482479783,0.4856711590296495,0.7645822102425875
per_layer,0.34,2,2,arch_per_layer_r0.34_d2_s2,7,0,0.5142686126766315,0.5231543696290468,0.33330086580086576,0.4215525606469003,0.5068894878706199,0.7953315363881401
per_layer,0.34,2,2,arch_per_layer_r0.34_d2_s2,8,0,0.49541235808216944,0.5202867266794774,0.3570995670995671,0.3426199460916442,0.4834824797843666,0.7984474393530997
per_layer,0.34,2,2,arch_per_layer_r0.34_d2_s2,9,0,0.4921261843502409,0.519513298684103,0.39661255411255414,0.3191913746630728,0.4648086253369272,0.7878921832884097
none,0.0,1,0,arch_none_r0_d1_s0,0,0,0.6719148901413052,0.5703679761152451,0.6954978354978354,0.7419083557951482,0.5484204851752021,0.7018328840970351
none,0.0,1,0,arch_none_r0_d1_s0,1,0,0.6490929204443355,0.551685764582984,0.5956385281385281,0.7914501347708895,0.6579191374663074,0.5513638814016173
none,0.0,1,0,arch_none_r0_d1_s0,2,0,0.7168780323450136,0.5897474174286488,0.7764285714285715,0.7319460916442049,0.6155579514824798,0.7435795148247978
none,0.0,1,0,arch_none_r0_d1_s0,3,0,0.5970272298456261,0.5291630663279123,0.7631493506493506,0.6414986522911053,0.34583288409703505,0.6376280323450135
none,0.0,1,0,arch_none_r0_d1_s0,4,0,0.6630825165400637,0.5463216359939299,0.7217532467532467,0.6940916442048517,0.5523450134770889,0.6841401617250674
none,0.0,1,0,arch_none_r0_d1_s0,5,0,0.6873483929592419,0.6000859782389077,0.7207251082251083,0.8470943396226415,0.5144043126684635,0.6671698113207547
none,0.0,1,0,arch_none_r0_d1_s0,6,0,0.6529655619537695,0.5574281436868329,0.6692099567099568,0.7686469002695419,0.5452614555256065,0.6287439353099731
none,0.0,1,0,arch_none_r0_d1_s0,7,0,0.6798143530997305,0.5792875735651306,0.7317857142857143,0.7978328840970349,0.4323342318059299,0.7573045822102427
none,0.0,1,0,arch_none_r0_d1_s0,8,0,0.7017481213754799,0.593809351853046,0.7872943722943723,0.765088948787062,0.5519676549865229,0.7026415094339622
none,0.0,1,0,arch_none_r0_d1_s0,9,0,0.705811872090174,0.5790008361383734,0.7691558441558441,0.728323450134771,0.6130026954177897,0.7127654986522911
none,0.0,1,1,arch_none_r0_d1_s1,0,0,0.540024861145144,0.518822893425674,0.5406385281385281,0.5770350404312667,0.4939407008086253,0.5484851752021563
none,0.0,1,1,arch_none_r0_d1_s1,1,0,0.7122985073102998,0.5799228452778602,0.6649891774891774,0.8574986522911052,0.7455741239892183,0.5811320754716981
none,0.0,1,1,arch_none_r0_d1_s1,2,0,0.8224960793923057,0.6656313274610197,0.80012987012987,0.8484312668463613,0.7065768194070081,0.9348463611859839
none,0.0,1,1,arch_none_r0_d1_s1,3,0,0.6633350281793677,0.6097852908428876,0.537987012987013,0.7953207547169813,0.4700592991913746,0.8499730458221024
none,0.0,1,1,arch_none_r0_d1_s1,4,0,0.71843136894552,0.5924738948572116,0.7686796536796536,0.671256064690027,0.6249487870619946,0.8088409703504044
none,0.0,1,1,arch_none_r0_d1_s1,5,0,0.659061402434044,0.5803568741751463,0.6422294372294373,0.7344258760107817,0.4656064690026954,0.7939838274932615
none,0.0,1,1,arch_none_r0_d1_s1,6,0,0.4328266049987748,0.5010846692202203,0.5076298701298702,0.5635579514824798,0.21611859838274933,0.44399999999999995
none,0.0,1,1,arch_none_r0_d1_s1,7,0,0.7285402576982766,0.5910399927778279,0.7355303030303031,0.6893369272237196,0.6419407008086253,0.8473530997304582
none,0.0,1,1,arch_none_r0_d1_s1,8,0,0.6485885403904272,0.6016314370832742,0.6438528138528139,0.7488086253369273,0.47840431266846356,0.723288409703504
none,0.0,1,1,arch_none_r0_d1_s1,9,0,0.6325531732418525,0.5734588400675789,0.5606493506493506,0.8456388140161726,0.37687331536388136,0.7470512129380054
none,0.0,1,2,arch_none_r0_d1_s2,0,0,0.6999726782651312,0.591417276037435,0.7424675324675325,0.7741347708894879,0.6474609164420486,0.6358274932614554
none,0.0,1,2,arch_none_r0_d1_s2,1,0,0.625289042718288,0.553177272082436,0.6663852813852814,0.7007439353099731,0.5278490566037736,0.6061778975741239
none,0.0,1,2,arch_none_r0_d1_s2,2,0,0.7126780098831986,0.5759874600738553,0.7472619047619047,0.7290026954177897,0.5751698113207547,0.799277628032345
none,0.0,1,2,arch_none_r0_d1_s2,3,0,0.745108388466879,0.5946967010149731,0.6948917748917749,0.8280539083557952,0.6981239892183289,0.7593638814016171
none,0.0,1,2,arch_none_r0_d1_s2,4,0,0.6977849893816874,0.5804989532149414,0.7749458874458874,0.81566576819407,0.5904797843665769,0.6100485175202157
none,0.0,1,2,arch_none_r0_d1_s2,5,0,0.6497106305644041,0.5542014878534243,0.6504112554112554,0.6802048517520216,0.6245822102425876,0.643644204851752
none,0.0,1,2,arch_none_r0_d1_s2,6,0,0.5544975496201912,0.5392553532201,0.6274025974025974,0.5620377358490567,0.4267601078167116,0.6017897574123989
none,0.0,1,2,arch_none_r0_d1_s2,7,0,0.6872363289226497,0.602465049845884,0.7676515151515153,0.6863288409703505,0.6260592991913747,0.6689056603773584
none,0.0,1,2,arch_none_r0_d1_s2,8,0,0.6498612880829862,0.5568374731855368,0.6558225108225109,0.7400970350404312,0.6171428571428572,0.5863827493261456
none,0.0,1,2,arch_none_r0_d1_s2,9,0,0.671004482153067,0.6013846258012098,0.7047510822510821,0.7879245283018869,0.6368517520215633,0.5544905660377358
per_layer,0.0,1,0,arch_per_layer_r0_d1_s0,0,0,0.7316179857877971,0.601685066009793,0.7693506493506493,0.8070404312668463,0.6215525606469002,0.7285283018867925
per_layer,0.0,1,0,arch_per_layer_r0_d1_s0,1,0,0.7201302478967573,0.6007515035444528,0.7209199134199135,0.8059407008086253,0.6110296495956873,0.7426307277628033
per_layer,0.0,1,0,arch_per_layer_r0_d1_s0,2,0,0.7314567303765417,0.6024340976798772,0.7412770562770563,0.79311051212938,0.6294339622641509,0.7620053908355796
per_layer,0.0,1,0,arch_per_layer_r0_d1_s0,3,0,0.7158734583027035,0.5988654096648138,0.7315800865800866,0.7958167115902964,0.5870943396226416,0.7490026954177897
per_layer,0.0,1,0,arch_per_layer_r0_d1_s0,4,0,0.7244370864984072,0.6036146863728791,0.7261688311688312,0.8230619946091644,0.6054555256064689,0.7430619946091644
per_layer,0.0,1,0,arch_per_layer_r0_d1_s0,5,0,0.7303378971657274,0.6038149081967354,0.7210281385281385,0.8142964959568735,0.6594177897574124,0.7266091644204852
per_layer,0.0,1,0,arch_per_layer_r0_d1_s0,6,0,0.7088395818018459,0.5973856167004131,0.7028138528138528,0.7883719676549865,0.606911051212938,0.7372614555256064
per_layer,0.0,1,0,arch_per_layer_r0_d1_s0,7,0,0.7194919647962101,0.6018179561253046,0.7529112554112556,0.7875256064690027,0.6063827493261456,0.7311482479784367
per_layer,0.0,1,0,arch_per_layer_r0_d1_s0,8,0,0.7214321040594627,0.5984472330053263,0.7494588744588745,0.8037951482479786,0.6339299191374663,0.698544474393531
per_layer,0.0,1,0,arch_per_layer_r0_d1_s0,9,0,0.7233129951809197,0.6026742456484264,0.7260606060606061,0.8143396226415094,0.60288948787062,0.7499622641509435
per_layer,0.0,1,1,arch_per_layer_r0_d1_s1,0,0,0.7306763048272482,0.6110687847405822,0.7311688311688311,0.8093261455525608,0.6186846361185985,0.7635256064690026
per_layer,0.0,1,1,arch_per_layer_r0_d1_s1,1,0,0.7353260128236543,0.6051711074427062,0.7427164502164502,0.8068894878706199,0.6193423180592992,0.7723557951482479
per_layer,0.0,1,1,arch_per_layer_r0_d1_s1,2,0,0.7496264089683901,0.6214176629395101,0.7525649350649352,0.8282911051212938,0.636323450134771,0.7813261455525606
per_layer,0.0,1,1,arch_per_layer_r0_d1_s1,3,0,0.7471741352201258,0.6076096921119265,0.7688690476190476,0.8024258760107816,0.6481078167115902,0.7692938005390836
per_layer,0.0,1,1,arch_per_layer_r0_d1_s1,4,0,0.7127673058074002,0.5947343702308946,0.7504870129870129,0.7937789757412399,0.5949218328840971,0.7118814016172508
per_layer,0.0,1,1,arch_per_layer_r0_d1_s1,5,0,0.7540743179776198,0.6202153110047847,0.7759199134199133,0.8068787061994609,0.6416172506738544,0.7918814016172506
per_layer,0.0,1,1,arch_per_layer_r0_d1_s1,6,0,0.7065575839255085,0.5776471625031705,0.7196103896103896,0.7528301886792452,0.6088517520215633,0.7449380053908357
per_layer,0.0,1,1,arch_per_layer_r0_d1_s1,7,0,0.723089183615127,0.5913021189336979,0.7688203463203462,0.7905013477088949,0.5980485175202157,0.7349865229110512
per_layer,0.0,1,1,arch_per_layer_r0_d1_s1,8,0,0.6917110287511231,0.5855974627821698,0.7136904761904763,0.765822102425876,0.586566037735849,0.7007654986522911
per_layer,0.0,1,1,arch_per_layer_r0_d1_s1,9,0,0.7414519725557462,0.6128708348916889,0.7848051948051947,0.8077951482479785,0.5986415094339623,0.774566037735849
per_layer,0.0,1,2,arch_per_layer_r0_d1_s2,0,0,0.7129540655884996,0.6148753637954234,0.7398809523809524,0.8003018867924527,0.5849056603773586,0.7267277628032345
per_layer,0.0,1,2,arch_per_layer_r0_d1_s2,1,0,0.7177136220697542,0.619931367870792,0.7050108225108225,0.7868247978436658,0.5935202156334232,0.7854986522911052
per_layer,0.0,1,2,arch_per_layer_r0_d1_s2,2,0,0.7386835844972637,0.6290366245803187,0.7531709956709957,0.820700808625337,0.5735741239892183,0.807288409703504
per_layer,0.0,1,2,arch_per_layer_r0_d1_s2,3,0,0.7218467644776607,0.6161202212220087,0.7332846320346318,0.7942425876010782,0.5968086253369272,0.7630512129380054
per_layer,0.0,1,2,arch_per_layer_r0_d1_s2,4,0,0.7469976312995181,0.6212515099928209,0.7946320346320346,0.7907924528301887,0.6110188679245283,0.7915471698113209
per_layer,0.0,1,2,arch_per_layer_r0_d1_s2,5,0,0.7139021277464673,0.6116152839216394,0.7362554112554113,0.7784043126684635,0.5882911051212938,0.7526576819407008
per_layer,0.0,1,2,arch_per_layer_r0_d1_s2,6,0,0.709563127909826,0.6105480790311972,0.7312012987012986,0.7845606469002696,0.617455525606469,0.7050350404312669
per_layer,0.0,1,2,arch_per_layer_r0_d1_s2,7,0,0.7036191905578697,0.6090845144593904,0.7163419913419913,0.7910080862533693,0.579299191374663,0.7278274932614555
per_layer,0.0,1,2,arch_per_layer_r0_d1_s2,8,0,0.7119095707751368,0.6122162180752052,0.6984307359307359,0.8058436657681941,0.6026307277628031,0.7407331536388142
per_layer,0.0,1,2,arch_per_layer_r0_d1_s2,9,0,0.7090229008412972,0.6137196550553055,0.7528463203463203,0.8041293800539084,0.5675795148247978,0.7115363881401617
none,0.0,4,0,arch_none_r0_d4_s0,0,0,0.6827798027444254,0.5811397597768004,0.7123051948051948,0.7853692722371968,0.481088948787062,0.7523557951482479
none,0.0,4,0,arch_none_r0_d4_s0,1,0,0.6343688842603937,0.5573741386055189,0.6138744588744589,0.6611644204851752,0.6152452830188679,0.6471913746630727
none,0.0,4,0,arch_none_r0_d4_s0,2,0,0.7801104610798009,0.6311028428704696,0.7256601731601733,0.8331967654986524,0.7562048517520217,0.8053800539083558
none,0.0,4,0,arch_none_r0_d4_s0,3,0,0.7813737135506004,0.6401389945704742,0.770422077922078,0.8465983827493261,0.649412398921833,0.8590619946091643
none,0.0,4,0,arch_none_r0_d4_s0,4,0,0.7499688189169321,0.6398122235262256,0.7926623376623376,0.8209056603773586,0.7095417789757412,0.6767654986522912
none,0.0,4,0,arch_none_r0_d4_s0,5,0,0.6818704565874376,0.5899315720691094,0.8112554112554112,0.721099730458221,0.4741347708894878,0.7209919137466307
none,0.0,4,0,arch_none_r0_d4_s0,6,0,0.6213807583925508,0.5690440187088648,0.626461038961039,0.7240431266846361,0.49870619946091643,0.6363126684636119
none,0.0,4,0,arch_none_r0_d4_s0,7,0,0.642332097933513,0.5616039455413835,0.6120238095238095,0.7790512129380054,0.5991266846361185,0.5791266846361186
none,0.0,4,0,arch_none_r0_d4_s0,8,0,0.696864851343625,0.6000362183331399,0.6467424242424242,0.8100916442048518,0.5103018867924528,0.8203234501347709
none,0.0,4,0,arch_none_r0_d4_s0,9,0,0.7093186923139754,0.6061999445440358,0.7035281385281386,0.8380485175202157,0.551299191374663,0.7443989218328841
none,0.0,4,1,arch_none_r0_d4_s1,0,0,0.6620083721310137,0.5622973063017751,0.6660173160173161,0.7110188679245283,0.6697142857142857,0.6012830188679246
none,0.0,4,1,arch_none_r0_d4_s1,1,0,0.6504954770072695,0.566433020802435,0.6480627705627705,0.8239137466307278,0.49064150943396223,0.6393638814016173
none,0.0,4,1,arch_none_r0_d4_s1,2,0,0.5818769500939311,0.5592917757515573,0.5638528138528138,0.7576064690026955,0.4819838274932615,0.5240646900269541
none,0.0,4,1,arch_none_r0_d4_s1,3,0,0.6213883137302948,0.5637032654535137,0.6858982683982684,0.7353854447439352,0.5011428571428571,0.5631266846361186
none,0.0,4,1,arch_none_r0_d4_s1,4,0,0.6902878175283835,0.5898855199748944,0.7136580086580087,0.7778760107816712,0.5565498652291105,0.7130673854447439
none,0.0,4,1,arch_none_r0_d4_s1,5,0,0.668703708241444,0.5824999355163208,0.6345021645021646,0.7925606469002695,0.49493261455525606,0.7528194070080862
none,0.0,4,1,arch_none_r0_d4_s1,6,0,0.6275080045740423,0.585523306551112,0.687056277056277,0.7249272237196766,0.45219407008086254,0.645854447439353
none,0.0,4,1,arch_none_r0_d4_s1,7,0,0.6445352037899208,0.5531142392860366,0.7558874458874458,0.6792345013477088,0.4427169811320755,0.7003018867924529
none,0.0,4,1,arch_none_r0_d4_s1,8,0,0.680413103406028,0.5930550002794293,0.7321753246753248,0.8006361185983828,0.5417250673854448,0.6471159029649596
none,0.0,4,1,arch_none_r0_d4_s1,9,0,0.6688345278934901,0.5734263832823911,0.6474567099567099,0.7306630727762804,0.6330781671159029,0.6641401617250673
none,0.0,4,2,arch_none_r0_d4_s2,0,0,0.6665107408314956,0.5925658915728429,0.6785281385281385,0.7701563342318059,0.47528840970350406,0.7420700808625338
none,0.0,4,2,arch_none_r0_d4_s2,1,0,0.6093932655394919,0.5505002321412451,0.6168614718614718,0.7799137466307278,0.40889487870619945,0.6319029649595688
none,0.0,4,2,arch_none_r0_d4_s2,2,0,0.691438597565956,0.6075905350855698,0.742056277056277,0.7702102425876011,0.6105983827493261,0.64288948787062
none,0.0,4,2,arch_none_r0_d4_s2,3,0,0.6749070182961692,0.5998771048547613,0.7071536796536797,0.7951482479784366,0.5561185983827492,0.6412075471698113
none,0.0,4,2,arch_none_r0_d4_s2,4,0,0.6850873254104387,0.6036977091098243,0.7854220779220779,0.7517951482479784,0.5629595687331537,0.6401725067385445
none,0.0,4,2,arch_none_r0_d4_s2,5,0,0.6258009474801928,0.5703835596710473,0.7261471861471862,0.7161185983827494,0.4645390835579515,0.5963989218328841
none,0.0,4,2,arch_none_r0_d4_s2,6,0,0.6874342991913747,0.5927444576277744,0.6917857142857143,0.7806684636118598,0.5965390835579515,0.680743935309973
none,0.0,4,2,arch_none_r0_d4_s2,7,0,0.6941039369435595,0.5994023437667926,0.6844588744588744,0.7741347708894879,0.5388355795148247,0.7789865229110511
none,0.0,4,2,arch_none_r0_d4_s2,8,0,0.6804016172506737,0.6144517060232055,0.7657142857142856,0.7928625336927224,0.4996873315363881,0.6633423180592992
none,0.0,4,2,arch_none_r0_d4_s2,9,0,0.6544580882953525,0.6008237252651354,0.6712878787878788,0.8001617250673856,0.4996981132075472,0.6466846361185984
per_layer,0.0,4,0,arch_per_layer_r0_d4_s0,0,0,0.7350357959650413,0.6105858557199173,0.7522294372294372,0.8092183288409703,0.6010350404312669,0.7776603773584907
per_layer,0.0,4,0,arch_per_layer_r0_d4_s0,1,0,0.729610920526015,0.6109768417613503,0.7561471861471862,0.7921078167115903,0.5735202156334231,0.79666846361186
per_layer,0.0,4,0,arch_per_layer_r0_d4_s0,2,0,0.7512247100383892,0.6184778520056574,0.7667640692640693,0.808733153638814,0.6495202156334232,0.7798814016172507
per_layer,0.0,4,0,arch_per_layer_r0_d4_s0,3,0,0.746798252062403,0.6175170451858635,0.7604329004329003,0.7910727762803235,0.6428787061994609,0.7928086253369274
per_layer,0.0,4,0,arch_per_layer_r0_d4_s0,4,0,0.7414986114514417,0.6174310132105564,0.7885281385281385,0.8093045822102427,0.584743935309973,0.7834177897574124
per_layer,0.0,4,0,arch_per_layer_r0_d4_s0,5,0,0.7536524953034388,0.622164760099219,0.7859307359307359,0.8058544474393531,0.631611859838275,0.7912129380053909
per_layer,0.0,4,0,arch_per_layer_r0_d4_s0,6,0,0.731722913093196,0.6084987877068314,0.7577164502164502,0.7763018867924527,0.6188140161725069,0.7740592991913746
per_layer,0.0,4,0,arch_per_layer_r0_d4_s0,7,0,0.7377336539246916,0.617903732315351,0.7633874458874457,0.8017035040431267,0.6223935309973045,0.7634501347708894
per_layer,0.0,4,0,arch_per_layer_r0_d4_s0,8,0,0.7322726558033161,0.6094063954913012,0.7861580086580087,0.7790619946091644,0.5841401617250674,0.7797304582210243
per_layer,0.0,4,0,arch_per_layer_r0_d4_s0,9,0,0.7364256922322959,0.6162231264267014,0.7769480519480519,0.7921509433962264,0.5932506738544474,0.7833530997304582
per_layer,0.0,4,1,arch_per_layer_r0_d4_s1,0,0,0.7112059544229355,0.5995118585486015,0.7583116883116883,0.7802695417789758,0.5672345013477089,0.7390080862533693
per_layer,0.0,4,1,arch_per_layer_r0_d4_s1,1,0,0.7276071326472271,0.607278649023932,0.7778463203463204,0.7774770889487871,0.5705121293800539,0.7845929919137465
per_layer,0.0,4,1,arch_per_layer_r0_d4_s1,2,0,0.7268866699338397,0.6029165430729483,0.7427272727272728,0.8001078167115905,0.6101671159029649,0.754544474393531
per_layer,0.0,4,1,arch_per_layer_r0_d4_s1,3,0,0.7315459956709957,0.6008069595085483,0.7873268398268398,0.7884636118598383,0.5848301886792452,0.7655633423180593
per_layer,0.0,4,1,arch_per_layer_r0_d4_s1,4,0,0.7346575696316262,0.6135454416487187,0.7627380952380952,0.8027924528301886,0.5826630727762804,0.7904366576819407
per_layer,0.0,4,1,arch_per_layer_r0_d4_s1,5,0,0.7249016785101692,0.6019057614017892,0.7586363636363636,0.7834501347708893,0.5596334231805931,0.7978867924528303
per_layer,0.0,4,1,arch_per_layer_r0_d4_s1,6,0,0.7107231070815977,0.5897422587343144,0.7464935064935065,0.778188679245283,0.5689919137466307,0.7492183288409704
per_layer,0.0,4,1,arch_per_layer_r0_d4_s1,7,0,0.6906074695744507,0.5933776873573299,0.7582034632034631,0.7842264150943395,0.5226091644204851,0.6973908355795149
per_layer,0.0,4,1,arch_per_layer_r0_d4_s1,8,0,0.720465439434779,0.6008933676386506,0.7819372294372293,0.7836657681940701,0.5864690026954178,0.7297897574123988
per_layer,0.0,4,1,arch_per_layer_r0_d4_s1,9,0,0.711471105938087,0.5965983247140149,0.7508008658008658,0.766188679245283,0.5625876010781672,0.7663072776280323
per_layer,0.0,4,2,arch_per_layer_r0_d4_s2,0,0,0.7297121314220372,0.6181049751307943,0.7577164502164503,0.7983827493261455,0.5770026954177897,0.7857466307277629
per_layer,0.0,4,2,arch_per_layer_r0_d4_s2,1,0,0.7292724413950828,0.60982210027642,0.7345021645021645,0.8046361185983828,0.6245929919137466,0.7533584905660378
per_layer,0.0,4,2,arch_per_layer_r0_d4_s2,2,0,0.7204486645430042,0.608895469806592,0.7212987012987013,0.7926361185983828,0.583266846361186,0.7845929919137465
per_layer,0.0,4,2,arch_per_layer_r0_d4_s2,3,0,0.7289194539736993,0.6083661662733162,0.7603354978354979,0.7914393530997305,0.6112237196765498,0.7526792452830189
per_layer,0.0,4,2,arch_per_layer_r0_d4_s2,4,0,0.7489328698031528,0.6215226101273768,0.754556277056277,0.8000539083557953,0.6401401617250673,0.8009811320754717
per_layer,0.0,4,2,arch_per_layer_r0_d4_s2,5,0,0.7284560054725148,0.6071110989308606,0.7490800865800864,0.7751590296495956,0.6227708894878706,0.7668140161725066
per_layer,0.0,4,2,arch_per_layer_r0_d4_s2,6,0,0.7116380380625664,0.6026165864919589,0.7477489177489177,0.7825876010781672,0.5878274932614556,0.7283881401617249
per_layer,0.0,4,2,arch_per_layer_r0_d4_s2,7,0,0.7336482479784368,0.6107254091489445,0.7457142857142858,0.78144474393531,0.6355849056603774,0.7718490566037736
per_layer,0.0,4,2,arch_per_layer_r0_d4_s2,8,0,0.7170074838683329,0.5992662294673218,0.7479329004329005,0.746512129380054,0.603579514824798,0.7700053908355795
per_layer,0.0,4,2,arch_per_layer_r0_d4_s2,9,0,0.7345628726619293,0.6069237738428405,0.7623593073593073,0.8065444743935308,0.596722371967655,0.7726253369272238
none,0.08,1,0,arch_none_r0.08_d1_s0,0,0,0.7038974516049987,0.5963420020892712,0.6398701298701299,0.7177789757412398,0.6095525606469003,0.848388140161725
none,0.08,1,0,arch_none_r0.08_d1_s0,1,0,0.7159921689945274,0.6044732865611715,0.6545562770562771,0.7338652291105121,0.6073854447439353,0.8681617250673854
none,0.08,1,0,arch_none_r0.08_d1_s0,2,0,0.7016348117291513,0.6040419444838512,0.6243290043290043,0.7049272237196766,0.6004959568733154,0.8767870619946092
none,0.08,1,0,arch_none_r0.08_d1_s0,3,0,0.6951284917912276,0.5959154962878895,0.6362012987012987,0.6933153638814016,0.5935849056603774,0.8574123989218329
none,0.08,1,0,arch_none_r0.08_d1_s0,4,0,0.7167437719513192,0.6082317715386236,0.6455411255411255,0.7111159029649596,0.6252722371967655,0.8850458221024258
none,0.08,1,0,arch_none_r0.08_d1_s0,5,0,0.6930468124642654,0.6009144860435824,0.6310497835497835,0.6936819407008087,0.5893423180592992,0.8581132075471699
none,0.08,1,0,arch_none_r0.08_d1_s0,6,0,0.6968883545699583,0.5945755254345125,0.6359415584415584,0.6995902964959569,0.5962479784366577,0.8557735849056604
none,0.08,1,0,arch_none_r0.08_d1_s0,7,0,0.7003322255574614,0.6002467575456651,0.6507305194805195,0.6966469002695419,0.6003450134770889,0.8536064690026954
none,0.08,1,0,arch_none_r0.08_d1_s0,8,0,0.7235297006452668,0.6114314516995749,0.6529112554112554,0.7318382749326144,0.6208086253369274,0.8885606469002696
none,0.08,1,0,arch_none_r0.08_d1_s0,9,0,0.6993166809605489,0.6044989188236458,0.6271103896103895,0.7070619946091645,0.5973477088948788,0.8657466307277628
none,0.08,1,1,arch_none_r0.08_d1_s1,0,0,0.6823749030057992,0.5879852934222348,0.6531114718614719,0.7213369272237196,0.5572075471698112,0.7978436657681941
none,0.08,1,1,arch_none_r0.08_d1_s1,1,0,0.6910627501429388,0.591910576183168,0.6150865800865801,0.7259083557951482,0.5916981132075472,0.8315579514824798
none,0.08,1,1,arch_none_r0.08_d1_s1,2,0,0.7167832843257371,0.611396093148824,0.6274242424242424,0.7329164420485175,0.6440646900269541,0.8627277628032344
none,0.08,1,1,arch_none_r0.08_d1_s1,3,0,0.7215194907293964,0.6049375690512732,0.6706601731601731,0.7437088948787062,0.6198382749326146,0.8518706199460917
none,0.08,1,1,arch_none_r0.08_d1_s1,4,0,0.7306395797598628,0.6087759063181108,0.6693831168831169,0.7447978436657683,0.6400539083557951,0.8683234501347709
none,0.08,1,1,arch_none_r0.08_d1_s1,5,0,0.7154026382422608,0.5984600222683639,0.6725108225108225,0.7083234501347709,0.6378975741239892,0.8428787061994609
none,0.08,1,1,arch_none_r0.08_d1_s1,6,0,0.6953714979988566,0.5912687486297219,0.6437878787878788,0.7250673854447439,0.5962048517520215,0.8164258760107816
none,0.08,1,1,arch_none_r0.08_d1_s1,7,0,0.6960766968880177,0.5923934514674336,0.6584415584415584,0.6897358490566038,0.6004312668463612,0.8356981132075472
none,0.08,1,1,arch_none_r0.08_d1_s1,8,0,0.7130653638814017,0.6025555419423344,0.6235714285714286,0.7472237196765499,0.6288086253369273,0.8526576819407008
none,0.08,1,1,arch_none_r0.08_d1_s1,9,0,0.7027449665114759,0.5928761655425012,0.6639502164502166,0.7241725067385444,0.5968517520215634,0.8260053908355794
none,0.08,1,2,arch_none_r0.08_d1_s2,0,0,0.7161325757575757,0.60774008348487,0.6691017316017316,0.7096927223719677,0.6077951482479784,0.8779407008086254
none,0.08,1,2,arch_none_r0.08_d1_s2,1,0,0.7232332455280568,0.6120730643074238,0.6472402597402597,0.7288840970350404,0.6302964959568733,0.8865121293800539
none,0.08,1,2,arch_none_r0.08_d1_s2,2,0,0.7207976088377032,0.6115780445969126,0.6683225108225109,0.7191590296495957,0.6187493261455526,0.8769595687331536
none,0.08,1,2,arch_none_r0.08_d1_s2,3,0,0.7162864493996569,0.6130308618888558,0.6493506493506493,0.7110512129380053,0.6224797843665767,0.8822641509433962
none,0.08,1,2,arch_none_r0.08_d1_s2,4,0,0.7202158274115821,0.6122044498037547,0.6459199134199134,0.7271374663072776,0.6226307277628033,0.8851752021563343
none,0.08,1,2,arch_none_r0.08_d1_s2,5,0,0.7297291921914563,0.6135934282533091,0.6672294372294372,0.7358598382749325,0.6326469002695418,0.8831805929919138
none,0.08,1,2,arch_none_r0.08_d1_s2,6,0,0.7124749142367067,0.6107927945936883,0.6576948051948053,0.7080539083557951,0.6065121293800539,0.8776388140161725
none,0.08,1,2,arch_none_r0.08_d1_s2,7,0,0.7184782835089439,0.610526369525873,0.6669805194805195,0.7154070080862533,0.6156118598382749,0.8759137466307277
none,0.08,1,2,arch_none_r0.08_d1_s2,8,0,0.7228701094502981,0.615026685495901,0.648030303030303,0.7359353099730459,0.6114070080862534,0.8961078167115903
none,0.08,1,2,arch_none_r0.08_d1_s2,9,0,0.7125998631871273,0.6051586405980647,0.6587121212121212,0.7081293800539084,0.6193746630727763,0.8641832884097036
per_layer,0.08,1,0,arch_per_layer_r0.08_d1_s0,0,0,0.7158983296577637,0.5997990258665531,0.6750865800865802,0.7155040431266848,0.605843665768194,0.8671590296495957
per_layer,0.08,1,0,arch_per_layer_r0.08_d1_s0,1,0,0.7113080740014702,0.5966226135665063,0.6451298701298702,0.7238814016172507,0.6094878706199461,0.8667331536388141
per_layer,0.08,1,0,arch_per_layer_r0.08_d1_s0,2,0,0.7135203789920771,0.6007698813930195,0.6716017316017316,0.7212938005390835,0.6011967654986523,0.8599892183288409
per_layer,0.08,1,0,arch_per_layer_r0.08_d1_s0,3,0,0.7109990708976558,0.6001437986045732,0.6561580086580088,0.7124420485175202,0.6112237196765499,0.8641725067385444
per_layer,0.08,1,0,arch_per_layer_r0.08_d1_s0,4,0,0.7196402434043943,0.6033267667453368,0.6758008658008657,0.7413477088948788,0.6020808625336926,0.8593315363881402
per_layer,0.08,1,0,arch_per_layer_r0.08_d1_s0,5,0,0.7201666666666666,0.6030200393780334,0.6652380952380952,0.7144043126684637,0.6234177897574124,0.8776064690026955
per_layer,0.08,1,0,arch_per_layer_r0.08_d1_s0,6,0,0.7103795740423098,0.5957306968106372,0.6680627705627705,0.7052398921832883,0.6113315363881402,0.8568840970350404
per_layer,0.08,1,0,arch_per_layer_r0.08_d1_s0,7,0,0.7201286857796292,0.5980857482471187,0.664978354978355,0.7342102425876011,0.6161725067385444,0.8651536388140162
per_layer,0.08,1,0,arch_per_layer_r0.08_d1_s0,8,0,0.7154789573633914,0.6001255282288053,0.6619805194805195,0.7244743935309974,0.6116765498652291,0.8637843665768195
per_layer,0.08,1,0,arch_per_layer_r0.08_d1_s0,9,0,0.7043354672057502,0.5999675432148124,0.6313095238095239,0.7224690026954179,0.6005175202156334,0.8630458221024259
per_layer,0.08,1,1,arch_per_layer_r0.08_d1_s1,0,0,0.7140228600016336,0.6030060141778115,0.6385173160173161,0.7363881401617249,0.6044743935309973,0.876711590296496
per_layer,0.08,1,1,arch_per_layer_r0.08_d1_s1,1,0,0.7040670791472678,0.5969554568238779,0.6568181818181819,0.700355795148248,0.588021563342318,0.8710727762803234
per_layer,0.08,1,1,arch_per_layer_r0.08_d1_s1,2,0,0.7044107244956301,0.5954770610058595,0.661082251082251,0.6917843665768193,0.5922264150943397,0.8725498652291105
per_layer,0.08,1,1,arch_per_layer_r0.08_d1_s1,3,0,0.7171460222167769,0.6047226234540037,0.669069264069264,0.7172291105121293,0.6046684636118598,0.8776172506738544
per_layer,0.08,1,1,arch_per_layer_r0.08_d1_s1,4,0,0.7123615024912194,0.6038034623436808,0.6646212121212121,0.7045660377358491,0.602177897574124,0.8780808625336928
per_layer,0.08,1,1,arch_per_layer_r0.08_d1_s1,5,0,0.70303085436576,0.5993668240068438,0.6198484848484849,0.6919730458221024,0.6137681940700808,0.886533692722372
per_layer,0.08,1,1,arch_per_layer_r0.08_d1_s1,6,0,0.6842147553704158,0.5791375415382366,0.6304978354978354,0.7065013477088948,0.5734986522911052,0.8263611859838276
per_layer,0.08,1,1,arch_per_layer_r0.08_d1_s1,7,0,0.693318089928939,0.5896304870237343,0.6514610389610389,0.6955040431266846,0.58144474393531,0.8448625336927224
per_layer,0.08,1,1,arch_per_layer_r0.08_d1_s1,8,0,0.6931820836396309,0.5836524200724796,0.6444372294372295,0.6839137466307278,0.5895633423180593,0.8548140161725069
per_layer,0.08,1,1,arch_per_layer_r0.08_d1_s1,9,0,0.6821006493506493,0.5820731072965433,0.620974025974026,0.7066954177897573,0.5660377358490566,0.8346954177897574
per_layer,0.08,1,2,arch_per_layer_r0.08_d1_s2,0,0,0.7168522216776934,0.6079908175240847,0.6804978354978355,0.7035471698113207,0.6191698113207547,0.8641940700808626
per_layer,0.08,1,2,arch_per_layer_r0.08_d1_s2,1,0,0.7158806154537287,0.6078300919537265,0.653452380952381,0.7143935309973046,0.6080970350404312,0.8875795148247978
per_layer,0.08,1,2,arch_per_layer_r0.08_d1_s2,2,0,0.7270482418524872,0.6153302961520439,0.6711363636363636,0.7276657681940701,0.6296172506738544,0.8797735849056604
per_layer,0.08,1,2,arch_per_layer_r0.08_d1_s2,3,0,0.7197000837213101,0.6087438794241178,0.6563744588744589,0.7305660377358489,0.6151698113207547,0.876690026954178
per_layer,0.08,1,2,arch_per_layer_r0.08_d1_s2,4,0,0.7388658825451279,0.6235327813530396,0.6664069264069263,0.7427385444743936,0.647978436657682,0.8983396226415095
per_layer,0.08,1,2,arch_per_layer_r0.08_d1_s2,5,0,0.7257742383402761,0.6097426241418298,0.6692640692640693,0.7377897574123989,0.6279353099730458,0.8681078167115903
per_layer,0.08,1,2,arch_per_layer_r0.08_d1_s2,6,0,0.7173728048680879,0.6075182058920887,0.6766017316017316,0.7195040431266848,0.6039676549865228,0.8694177897574124
per_layer,0.08,1,2,arch_per_layer_r0.08_d1_s2,7,0,0.711697806910071,0.6056573143837294,0.6596753246753246,0.706900269541779,0.6080431266846361,0.8721725067385445
per_layer,0.08,1,2,arch_per_layer_r0.08_d1_s2,8,0,0.715714663481173,0.6051492367281841,0.6518290043290044,0.7165606469002695,0.6198598382749326,0.8746091644204852
per_layer,0.08,1,2,arch_per_layer_r0.08_d1_s2,9,0,0.7146264702278853,0.6089425966287932,0.6526298701298701,0.721078167115903,0.6184258760107817,0.8663719676549866
none,0.08,4,0,arch_none_r0.08_d4_s0,0,0,0.6850133545699584,0.5861822222795411,0.6341558441558441,0.7142210242587601,0.5594177897574124,0.8322587601078167
none,0.08,4,0,arch_none_r0.08_d4_s0,1,0,0.6873716000980152,0.5932739223702481,0.6424675324675324,0.6991159029649596,0.5706954177897574,0.8372075471698113
none,0.08,4,0,arch_none_r0.08_d4_s0,2,0,0.6956990525198072,0.5933574824711866,0.658138528138528,0.7108571428571429,0.575309973045822,0.8384905660377358
none,0.08,4,0,arch_none_r0.08_d4_s0,3,0,0.6942872661929266,0.5944267293448029,0.6673593073593074,0.7156657681940701,0.5671913746630728,0.826932614555256
none,0.08,4,0,arch_none_r0.08_d4_s0,4,0,0.702715521114106,0.5958717011224459,0.6527380952380952,0.7255849056603774,0.5893477088948788,0.8431913746630727
none,0.08,4,0,arch_none_r0.08_d4_s0,5,0,0.6954939863595524,0.5955346664259277,0.6636255411255412,0.6952237196765498,0.5738975741239891,0.8492291105121295
none,0.08,4,0,arch_none_r0.08_d4_s0,6,0,0.6787397084048028,0.5824997205707235,0.6498051948051948,0.6977142857142857,0.5648517520215633,0.8025876010781672
none,0.08,4,0,arch_none_r0.08_d4_s0,7,0,0.6898408682512456,0.5881521986785144,0.657034632034632,0.7085067385444745,0.5692075471698113,0.8246145552560646
none,0.08,4,0,arch_none_r0.08_d4_s0,8,0,0.6882076084293065,0.5939516458384384,0.6357792207792208,0.702345013477089,0.5600754716981131,0.8546307277628032
none,0.08,4,0,arch_none_r0.08_d4_s0,9,0,0.6858257677856734,0.5932570491408624,0.6438852813852813,0.6814123989218329,0.5847331536388141,0.8332722371967654
none,0.08,4,1,arch_none_r0.08_d4_s1,0,0,0.6915243404394348,0.5976950846240816,0.63008658008658,0.7062749326145553,0.5803234501347709,0.8494123989218328
none,0.08,4,1,arch_none_r0.08_d4_s1,1,0,0.6943949808053581,0.5948782225718671,0.6472510822510822,0.7101024258760107,0.5815094339622642,0.8387169811320755
none,0.08,4,1,arch_none_r0.08_d4_s1,2,0,0.7111811851670342,0.6023119011078296,0.6549134199134199,0.728398921832884,0.5932938005390835,0.8681185983827494
none,0.08,4,1,arch_none_r0.08_d4_s1,3,0,0.6944913522012579,0.5975456974339795,0.669404761904762,0.7029757412398921,0.5608948787061996,0.8446900269541779
none,0.08,4,1,arch_none_r0.08_d4_s1,4,0,0.7246007106101446,0.6105926265062313,0.6996103896103898,0.7322156334231806,0.6122803234501348,0.8542964959568733
none,0.08,4,1,arch_none_r0.08_d4_s1,5,0,0.7107183696806338,0.6046674361719049,0.6814718614718613,0.7195795148247979,0.5893045822102426,0.8525175202156334
none,0.08,4,1,arch_none_r0.08_d4_s1,6,0,0.6918717226170057,0.5953085436576002,0.644025974025974,0.7263611859838275,0.5780808625336927,0.8190188679245283
none,0.08,4,1,arch_none_r0.08_d4_s1,7,0,0.6947981397533285,0.5966678596147315,0.6431709956709958,0.7138652291105122,0.5924097035040432,0.8297466307277628
none,0.08,4,1,arch_none_r0.08_d4_s1,8,0,0.6950321918647391,0.5968913492994924,0.6398376623376624,0.705433962264151,0.595568733153639,0.839288409703504
none,0.08,4,1,arch_none_r0.08_d4_s1,9,0,0.6945477211467778,0.5912568728854726,0.6405844155844156,0.7104582210242588,0.5910943396226415,0.8360539083557952
none,0.08,4,2,arch_none_r0.08_d4_s2,0,0,0.6988272278036428,0.5901380810516859,0.6654329004329004,0.7074285714285714,0.590177897574124,0.8322695417789757
none,0.08,4,2,arch_none_r0.08_d4_s2,1,0,0.6926895368782161,0.5940563243443084,0.6494805194805195,0.7096711590296496,0.5681132075471698,0.8434932614555256
none,0.08,4,2,arch_none_r0.08_d4_s2,2,0,0.7072222188189169,0.6007451089129342,0.6441233766233767,0.7228787061994608,0.5999784366576819,0.8619083557951482
none,0.08,4,2,arch_none_r0.08_d4_s2,3,0,0.6953584701462061,0.592549824389447,0.6428354978354979,0.7114716981132077,0.5745336927223721,0.8525929919137466
none,0.08,4,2,arch_none_r0.08_d4_s2,4,0,0.7180084640202565,0.6079941491808423,0.6661147186147186,0.7276765498652291,0.6148355795148247,0.8634070080862534
none,0.08,4,2,arch_none_r0.08_d4_s2,5,0,0.7019097035040431,0.5982093419655485,0.6528571428571429,0.7122911051212937,0.5887008086253369,0.8537897574123989
none,0.08,4,2,arch_none_r0.08_d4_s2,6,0,0.6853518949603855,0.5897275349609014,0.6501515151515151,0.6937250673854446,0.5715902964959569,0.8259407008086254
none,0.08,4,2,arch_none_r0.08_d4_s2,7,0,0.6978424201584579,0.5964351810056875,0.6358225108225108,0.7099730458221024,0.59744474393531,0.8481293800539083
none,0.08,4,2,arch_none_r0.08_d4_s2,8,0,0.7030466899452749,0.5969740496180417,0.6480627705627706,0.7149326145552561,0.5903665768194071,0.8588247978436657
none,0.08,4,2,arch_none_r0.08_d4_s2,9,0,0.6926549865229109,0.5901568887914469,0.6628571428571428,0.7038814016172507,0.5696819407008086,0.8341994609164419
per_layer,0.08,4,0,arch_per_layer_r0.08_d4_s0,0,0,0.7160213693539166,0.6131368300683097,0.6912229437229438,0.7140916442048518,0.6074393530997304,0.8513315363881401
per_layer,0.08,4,0,arch_per_layer_r0.08_d4_s0,1,0,0.7182719921587846,0.6118016417544719,0.6911688311688311,0.7307385444743936,0.5965390835579515,0.8546415094339622
per_layer,0.08,4,0,arch_per_layer_r0.08_d4_s0,2,0,0.7140263313730295,0.6128355300773374,0.6736255411255411,0.7269433962264151,0.5907708894878706,0.864765498652291
per_layer,0.08,4,0,arch_per_layer_r0.08_d4_s0,3,0,0.7077495609736175,0.6059523272159817,0.6716774891774892,0.7065121293800538,0.6034393530997304,0.8493692722371967
per_layer,0.08,4,0,arch_per_layer_r0.08_d4_s0,4,0,0.7203172527158376,0.613328400331876,0.6791450216450217,0.7198814016172507,0.6127008086253369,0.8695417789757413
per_layer,0.08,4,0,arch_per_layer_r0.08_d4_s0,5,0,0.7170096381605815,0.6061047236444457,0.6759307359307358,0.7075256064690028,0.6233746630727763,0.8612075471698113
per_layer,0.08,4,0,arch_per_layer_r0.08_d4_s0,6,0,0.7018668831168831,0.6078883422105865,0.6531818181818182,0.7103504043126685,0.5805929919137466,0.8633423180592992
per_layer,0.08,4,0,arch_per_layer_r0.08_d4_s0,7,0,0.6997478967573307,0.6075835493536585,0.6527705627705627,0.7133045822102426,0.5778652291105121,0.8550512129380053
per_layer,0.08,4,0,arch_per_layer_r0.08_d4_s0,8,0,0.7135718982275585,0.6126533636836518,0.6719264069264069,0.7117628032345014,0.5932183288409703,0.8773800539083558
per_layer,0.08,4,0,arch_per_layer_r0.08_d4_s0,9,0,0.7126181899861146,0.6167094945769226,0.6781385281385282,0.7293908355795149,0.5776388140161726,0.8653045822102425
per_layer,0.08,4,1,arch_per_layer_r0.08_d4_s1,0,0,0.7012823143837296,0.6006469325113813,0.6649675324675326,0.718533692722372,0.5852398921832884,0.8363881401617251
per_layer,0.08,4,1,arch_per_layer_r0.08_d4_s1,1,0,0.7041224883606958,0.6041101359745848,0.6898376623376623,0.7066199460916442,0.5685283018867925,0.8515040431266845
per_layer,0.08,4,1,arch_per_layer_r0.08_d4_s1,2,0,0.7176873009066406,0.611881064152663,0.6628246753246754,0.7491536388140161,0.592,0.8667708894878706
per_layer,0.08,4,1,arch_per_layer_r0.08_d4_s1,3,0,0.7131517193498326,0.6140637292201344,0.6351082251082252,0.7282695417789757,0.6024743935309973,0.8867547169811321
per_layer,0.08,4,1,arch_per_layer_r0.08_d4_s1,4,0,0.7281020276892919,0.6199506592381467,0.6624350649350649,0.7565390835579515,0.6129164420485175,0.8805175202156335
per_layer,0.08,4,1,arch_per_layer_r0.08_d4_s1,5,0,0.7196868414604265,0.6097853983156863,0.6737662337662338,0.725067385444744,0.6174986522911052,0.8624150943396227
per_layer,0.08,4,1,arch_per_layer_r0.08_d4_s1,6,0,0.6941829208527321,0.5961363528890837,0.6624675324675324,0.6925822102425877,0.5832021563342318,0.8384797843665768
per_layer,0.08,4,1,arch_per_layer_r0.08_d4_s1,7,0,0.7013792064853386,0.5907901722574017,0.6533874458874458,0.7172506738544474,0.6136495956873316,0.8212291105121293
per_layer,0.08,4,1,arch_per_layer_r0.08_d4_s1,8,0,0.6976429592420159,0.6009820864339236,0.652965367965368,0.7118167115902965,0.5804743935309973,0.8453153638814017
per_layer,0.08,4,1,arch_per_layer_r0.08_d4_s1,9,0,0.7020265457812628,0.5980866617659071,0.6624242424242425,0.7125498652291105,0.5657789757412399,0.8673530997304583
per_layer,0.08,4,2,arch_per_layer_r0.08_d4_s2,0,0,0.7151785101690762,0.6108564722268794,0.6549350649350649,0.7219838274932615,0.6044097035040432,0.8793854447439353
per_layer,0.08,4,2,arch_per_layer_r0.08_d4_s2,1,0,0.723341776933758,0.6114670251959229,0.6622835497835498,0.7239245283018868,0.6185013477088949,0.8886576819407008
per_layer,0.08,4,2,arch_per_layer_r0.08_d4_s2,2,0,0.7145790196438782,0.6095353628496627,0.6351893939393939,0.7251536388140162,0.6183396226415094,0.8796334231805931
per_layer,0.08,4,2,arch_per_layer_r0.08_d4_s2,3,0,0.716564465408805,0.611448916029353,0.644047619047619,0.7362264150943396,0.6035687331536388,0.8824150943396227
per_layer,0.08,4,2,arch_per_layer_r0.08_d4_s2,4,0,0.7233283100547251,0.6195282374031132,0.6537229437229437,0.7315579514824798,0.6075148247978437,0.9005175202156334
per_layer,0.08,4,2,arch_per_layer_r0.08_d4_s2,5,0,0.7197113146287675,0.6123517412742835,0.6511363636363636,0.7320862533692721,0.6115363881401616,0.8840862533692722
per_layer,0.08,4,2,arch_per_layer_r0.08_d4_s2,6,0,0.7101772339295924,0.6048975354337818,0.653582251082251,0.7159245283018868,0.6013045822102426,0.8698975741239892
per_layer,0.08,4,2,arch_per_layer_r0.08_d4_s2,7,0,0.713736931307686,0.6096104863359084,0.6525757575757576,0.7315363881401618,0.5933477088948788,0.877487870619946
per_layer,0.08,4,2,arch_per_layer_r0.08_d4_s2,8,0,0.7159812545944622,0.6105992360833472,0.6572727272727272,0.7239460916442049,0.5914716981132075,0.8912345013477088
per_layer,0.08,4,2,arch_per_layer_r0.08_d4_s2,9,0,0.7157748917748917,0.6099800852904129,0.6499567099567098,0.726911051212938,0.6076981132075472,0.8785336927223719
