bits,condition,seed,run_name,chip,trial,auc,pauc,auc_id1,auc_id2,auc_id3,auc_id4
2,nominal,0,bits_wsb2_s0,0,0,0.42935475373682924,0.48769081795397584,0.256038961038961,0.40756873315363884,0.5104582210242588,0.5433530997304583
2,nominal,0,bits_wsb2_s0,1,0,0.5788393980233604,0.4993985822188404,0.4011904761904762,0.6811428571428572,0.6110512129380055,0.6219730458221024
2,nominal,0,bits_wsb2_s0,2,0,0.5234575165400637,0.5269080183305606,0.7221103896103896,0.5542210242587602,0.6076873315363881,0.20981132075471695
2,nominal,0,bits_wsb2_s0,3,0,0.6319918014375562,0.6150943396226416,0.4970238095238096,0.5889811320754716,0.6102964959568733,0.8316657681940702
2,nominal,0,bits_wsb2_s0,4,0,0.5795208894878706,0.5749940889960751,0.45785714285714285,0.5630835579514826,0.4084312668463612,0.8887115902964959
2,nominal,0,bits_wsb2_s0,5,0,0.4229172384219554,0.4924812030075188,0.3494155844155844,0.5480215633423181,0.38955256064690025,0.4046792452830188
2,nominal,0,bits_wsb2_s0,6,0,0.546967961283999,0.55761256700929,0.24318181818181817,0.3750727762803234,0.706900269541779,0.8627169811320755
2,nominal,0,bits_wsb2_s0,7,0,0.39369359021481665,0.5244148106114342,0.16663419913419913,0.4925606469002695,0.23911590296495955,0.6764636118598383
2,nominal,0,bits_wsb2_s0,8,0,0.5845298435840889,0.5441958240369362,0.5530627705627706,0.6455849056603774,0.542177897574124,0.5972938005390835
2,nominal,0,bits_wsb2_s0,9,0,0.6444691966838193,0.5856007944389274,0.4773484848484848,0.38615633423180595,0.8660485175202155,0.8483234501347708
2,quant_only,0,bits_wsb2_s0,0,0,0.5620676406926406,0.5298680878869557,0.5759848484848484,0.3959083557951482,0.5949433962264151,0.681433962264151
2,nominal,1,bits_wsb2_s1,0,0,0.43013161602548394,0.5078284261253476,0.38237012987012986,0.5885067385444744,0.46449595687331535,0.2851536388140161
2,nominal,1,bits_wsb2_s1,1,0,0.6265708772359716,0.5621255110331576,0.5851298701298702,0.8368409703504044,0.5686792452830188,0.515633423180593
2,nominal,1,bits_wsb2_s1,2,0,0.4290336723025403,0.5168074022964788,0.29854978354978357,0.615967654986523,0.5226846361185984,0.2789326145552561
2,nominal,1,bits_wsb2_s1,3,0,0.4950846708323124,0.5463395839513019,0.5783225108225107,0.5756873315363882,0.5144258760107817,0.31190296495956876
2,nominal,1,bits_wsb2_s1,4,0,0.5401835130278526,0.5214356646332814,0.30023809523809525,0.6947493261455525,0.5919029649595687,0.573843665768194
2,nominal,1,bits_wsb2_s1,5,0,0.5278338744588744,0.4948214231977886,0.6553354978354979,0.44645822102425875,0.563288409703504,0.4462533692722372
2,nominal,1,bits_wsb2_s1,6,0,0.48455327534101117,0.5121217494852053,0.5293290043290043,0.5365175202156334,0.36377358490566036,0.5085929919137466
2,nominal,1,bits_wsb2_s1,7,0,0.7814752715837622,0.6485341247630225,0.6666450216450216,0.7966361185983827,0.8019191374663074,0.8607008086253369
2,nominal,1,bits_wsb2_s1,8,0,0.6341126051621335,0.5355096575056852,0.7222186147186148,0.5191805929919138,0.6809380053908356,0.6141132075471698
2,nominal,1,bits_wsb2_s1,9,0,0.3889392101609083,0.4857057953631936,0.4898484848484849,0.3008733153638814,0.37405929919137465,0.39097574123989215
2,quant_only,1,bits_wsb2_s1,0,0,0.5736278077268644,0.5251904417991806,0.5683333333333334,0.6461024258760107,0.7005929919137466,0.37948247978436656
2,nominal,2,bits_wsb2_s2,0,0,0.4785975659560565,0.5017307419492126,0.4077056277056277,0.45414555256064687,0.511288409703504,0.5412506738544475
2,nominal,2,bits_wsb2_s2,1,0,0.506280456179041,0.4933193296276712,0.43156926406926405,0.4365929919137466,0.551644204851752,0.6053153638814016
2,nominal,2,bits_wsb2_s2,2,0,0.49448950420648535,0.4970208540218471,0.33601731601731605,0.5692183288409703,0.5253045822102426,0.5474177897574124
2,nominal,2,bits_wsb2_s2,3,0,0.5046731091235808,0.5087530146120016,0.4677813852813853,0.37220485175202156,0.554544474393531,0.6241617250673854
2,nominal,2,bits_wsb2_s2,4,0,0.5372231377113452,0.5466171861901753,0.4250974025974026,0.3456280323450135,0.6929380053908356,0.6852291105121293
2,nominal,2,bits_wsb2_s2,5,0,0.5024198725802499,0.49424080140316484,0.40506493506493507,0.33616172506738545,0.5427601078167116,0.7256927223719676
2,nominal,2,bits_wsb2_s2,6,0,0.5672960058809116,0.5313803376365441,0.4566233766233766,0.41223719676549864,0.7143180592991915,0.6860053908355794
2,nominal,2,bits_wsb2_s2,7,0,0.49754841542105693,0.5016172506738544,0.3698917748917749,0.34665229110512125,0.5743611859838275,0.6992884097035041
2,nominal,2,bits_wsb2_s2,8,0,0.4941992056685453,0.5101007235068804,0.42544372294372296,0.43442587601078164,0.5773261455525607,0.5396010781671159
2,nominal,2,bits_wsb2_s2,9,0,0.5794713713958997,0.5117585451622195,0.5267965367965368,0.6036981132075472,0.3988463611859838,0.7885444743935309
2,quant_only,2,bits_wsb2_s2,0,0,0.53621662378502,0.4969499219747482,0.5639069264069264,0.47194609164420487,0.5045929919137466,0.6044204851752021
4,nominal,0,bits_wsb4_s0,0,0,0.44748041738136074,0.4938049992047013,0.4178138528138528,0.4709865229110512,0.47784366576819404,0.423277628032345
4,nominal,0,bits_wsb4_s0,1,0,0.4533854855835988,0.49506608502388044,0.42432900432900433,0.45607547169811324,0.48952021563342313,0.4436172506738545
4,nominal,0,bits_wsb4_s0,2,0,0.44354734337989055,0.49126138674301534,0.40875541125541126,0.4252938005390836,0.496711590296496,0.4434285714285714
4,nominal,0,bits_wsb4_s0,3,0,0.45661764886057343,0.49477322164760096,0.45185064935064934,0.47435040431266845,0.4937681940700809,0.4065013477088949
4,nominal,0,bits_wsb4_s0,4,0,0.44411070611778164,0.49316596594401957,0.434491341991342,0.4342318059299191,0.4922479784366577,0.41547169811320755
4,nominal,0,bits_wsb4_s0,5,0,0.4514375969942008,0.4948970840480274,0.43813852813852816,0.4769056603773585,0.49362803234501346,0.39707816711590294
4,nominal,0,bits_wsb4_s0,6,0,0.45381573143837295,0.49340799468654484,0.47324675324675325,0.4515579514824798,0.4963126684636119,0.39414555256064693
4,nominal,0,bits_wsb4_s0,7,0,0.4571859736175774,0.49512438901713973,0.44856060606060605,0.4853800539083558,0.48365498652291106,0.41114824797843663
4,nominal,0,bits_wsb4_s0,8,0,0.4468459323695173,0.4934784431060499,0.44811688311688314,0.406911051212938,0.48778436657681945,0.4445714285714285
4,nominal,0,bits_wsb4_s0,9,0,0.43742535530507226,0.49309772071688657,0.4480194805194805,0.4123234501347709,0.4853261455525606,0.40403234501347707
4,quant_only,0,bits_wsb4_s0,0,0,0.4495626174140325,0.49330804498381453,0.44208874458874464,0.456377358490566,0.4871482479784367,0.4126361185983828
4,nominal,1,bits_wsb4_s1,0,0,0.45992269051703016,0.4952544311034877,0.4637662337662337,0.45652830188679244,0.4767654986522911,0.4426307277628033
4,nominal,1,bits_wsb4_s1,1,0,0.44793384995507635,0.4926594466440544,0.4670238095238095,0.4386630727762803,0.4721940700808625,0.4138544474393531
4,nominal,1,bits_wsb4_s1,2,0,0.4487497243322715,0.4935353499529269,0.4632792207792208,0.43253908355795145,0.48651212938005395,0.4126684636118598
4,nominal,1,bits_wsb4_s1,3,0,0.45860999142367065,0.4952236938830782,0.43801948051948053,0.4799460916442048,0.4950943396226415,0.42138005390835576
4,nominal,1,bits_wsb4_s1,4,0,0.4559666850445152,0.49457133399536574,0.45611471861471864,0.45689487870619944,0.4848194070080863,0.42603773584905663
4,nominal,1,bits_wsb4_s1,5,0,0.44790228089520534,0.49397641831852357,0.4478463203463203,0.4441078167115903,0.46491644204851745,0.43473854447439353
4,nominal,1,bits_wsb4_s1,6,0,0.4473829228947154,0.49270071619873007,0.46018398268398264,0.45781132075471703,0.46746091644204857,0.4040754716981132
4,nominal,1,bits_wsb4_s1,7,0,0.4584572102425877,0.4956768529385212,0.4503571428571429,0.4477304582210243,0.4824905660377359,0.4532506738544474
4,nominal,1,bits_wsb4_s1,8,0,0.43376990933594706,0.49053755744421085,0.4303896103896104,0.43390835579514825,0.46365498652291104,0.4071266846361186
4,nominal,1,bits_wsb4_s1,9,0,0.45066257249040265,0.49185227218990873,0.4794696969696969,0.442932614555256,0.4811428571428571,0.39910512129380055
4,quant_only,1,bits_wsb4_s1,0,0,0.45147824266928044,0.49289766010222813,0.4526515151515152,0.4592560646900269,0.4758598382749326,0.41814555256064695
4,nominal,2,bits_wsb4_s2,0,0,0.3940622600669771,0.5077900583362351,0.39170995670995673,0.5133692722371967,0.32959568733153644,0.3415741239892184
4,nominal,2,bits_wsb4_s2,1,0,0.39375173568569793,0.49996673716882256,0.2911255411255411,0.47778975741239893,0.37518059299191375,0.43091105121293793
4,nominal,2,bits_wsb4_s2,2,0,0.3959694927713796,0.5093569042675299,0.441948051948052,0.520345013477089,0.30163881401617254,0.31994609164420484
4,nominal,2,bits_wsb4_s2,3,0,0.3811640835579515,0.5006975521995383,0.4139285714285714,0.485455525606469,0.2627493261455526,0.362522911051213
4,nominal,2,bits_wsb4_s2,4,0,0.4111500347137139,0.5031267598670776,0.3961796536796537,0.5425768194070081,0.32543396226415094,0.38040970350404313
4,nominal,2,bits_wsb4_s2,5,0,0.38094232418524865,0.49673438527708635,0.4302922077922078,0.46660916442048506,0.33876010781671156,0.2881078167115903
4,nominal,2,bits_wsb4_s2,6,0,0.4013924895858858,0.5058972474066814,0.42175324675324677,0.44224258760107815,0.35245283018867923,0.38912129380053906
4,nominal,2,bits_wsb4_s2,7,0,0.36559633055623625,0.5053129178005047,0.4063961038961039,0.47504043126684636,0.2922156334231806,0.288733153638814
4,nominal,2,bits_wsb4_s2,8,0,0.4044077636200278,0.501031094030101,0.38365800865800864,0.507622641509434,0.34278167115902963,0.3835687331536388
4,nominal,2,bits_wsb4_s2,9,0,0.3658741934166463,0.49995862297252563,0.41521645021645026,0.44704043126684634,0.27479245283018866,0.3264474393530997
4,quant_only,2,bits_wsb4_s2,0,0,0.4043710896022217,0.5132453775949307,0.37335497835497833,0.5859191374663073,0.2662964959568733,0.39191374663072776
6,nominal,0,bits_wsb6_s0,0,0,0.6061731703830759,0.538351775665579,0.5092748917748917,0.7202264150943396,0.5862210242587601,0.6089703504043126
6,nominal,0,bits_wsb6_s0,1,0,0.651907426692804,0.546955994187871,0.6961580086580087,0.7150619946091644,0.4968301886792453,0.6995795148247979
6,nominal,0,bits_wsb6_s0,2,0,0.6411151270113533,0.5459965307780601,0.7191774891774891,0.5820269541778975,0.6846576819407008,0.5785983827493261
6,nominal,0,bits_wsb6_s0,3,0,0.7007281405701218,0.5648180807937511,0.4946861471861472,0.7538760107816712,0.8624474393530998,0.6919029649595687
6,nominal,0,bits_wsb6_s0,4,0,0.6212835804132975,0.5489401569962643,0.6005952380952381,0.6590835579514824,0.6555148247978437,0.5699407008086252
6,nominal,0,bits_wsb6_s0,5,0,0.6688353804214654,0.5803778851072794,0.7183603896103896,0.7942857142857145,0.5174231805929919,0.6452722371967655
6,nominal,0,bits_wsb6_s0,6,0,0.5806573654333088,0.548540465658142,0.6882359307359307,0.6860161725067385,0.39956873315363883,0.5488086253369272
6,nominal,0,bits_wsb6_s0,7,0,0.6601231622151433,0.5498750091351878,0.6076948051948052,0.7325498652291105,0.6530781671159029,0.6471698113207548
6,nominal,0,bits_wsb6_s0,8,0,0.6292215653843012,0.5730319581114021,0.7920021645021644,0.7622749326145553,0.3393854447439353,0.6232237196765499
6,nominal,0,bits_wsb6_s0,9,0,0.6148150167442621,0.5607613050636884,0.581060606060606,0.7607439353099731,0.5128086253369272,0.6046469002695418
6,quant_only,0,bits_wsb6_s0,0,0,0.6754593134852569,0.5864957204331583,0.7097294372294372,0.7684636118598384,0.5429326145552561,0.680711590296496
6,nominal,1,bits_wsb6_s1,0,0,0.7142429653679653,0.6131491357037534,0.7746861471861471,0.8129272237196765,0.7106091644204852,0.5587493261455526
6,nominal,1,bits_wsb6_s1,1,0,0.6692061382014213,0.5890303589161583,0.6842207792207793,0.760377358490566,0.5753962264150944,0.6568301886792453
6,nominal,1,bits_wsb6_s1,2,0,0.7357927999673283,0.6542409303705232,0.7517965367965367,0.8434393530997305,0.48169272237196764,0.8662425876010782
6,nominal,1,bits_wsb6_s1,3,0,0.625778026219064,0.557123189620707,0.6989935064935064,0.5651536388140161,0.5717412398921833,0.6672237196765499
6,nominal,1,bits_wsb6_s1,4,0,0.6373558972474067,0.5708273685930091,0.5943939393939395,0.6889164420485177,0.5630619946091644,0.7030512129380055
6,nominal,1,bits_wsb6_s1,5,0,0.5759913624111737,0.527663014740969,0.4994155844155844,0.6820592991913746,0.4582533692722372,0.6642371967654985
6,nominal,1,bits_wsb6_s1,6,0,0.6722397492444663,0.5907158010807465,0.7741341991341991,0.7660161725067385,0.5343611859838274,0.6144474393530998
6,nominal,1,bits_wsb6_s1,7,0,0.6334995813934493,0.552792895618119,0.5752705627705628,0.6958490566037736,0.5365067385444744,0.7263719676549866
6,nominal,1,bits_wsb6_s1,8,0,0.6202945764926897,0.5507815421916713,0.537965367965368,0.779590296495957,0.46298652291105125,0.7006361185983827
6,nominal,1,bits_wsb6_s1,9,0,0.7095978824634485,0.5995615109815706,0.7480411255411255,0.8190512129380054,0.5605390835579515,0.7107601078167116
6,quant_only,1,bits_wsb6_s1,0,0,0.6993997284162379,0.607785651951491,0.746569264069264,0.7818328840970351,0.564722371967655,0.7044743935309973
6,nominal,2,bits_wsb6_s2,0,0,0.7047419545862942,0.5863474617074418,0.7150432900432899,0.8038167115902966,0.5925606469002694,0.7075471698113208
6,nominal,2,bits_wsb6_s2,1,0,0.6801367107735032,0.5703155293895115,0.5834848484848485,0.8030835579514826,0.7398382749326146,0.5941401617250675
6,nominal,2,bits_wsb6_s2,2,0,0.631327064444989,0.5527398577919929,0.7381168831168833,0.7242695417789757,0.5301778975741239,0.532743935309973
6,nominal,2,bits_wsb6_s2,3,0,0.6290071775708568,0.5635866037305958,0.6033225108225109,0.7525121293800539,0.5478490566037736,0.6123450134770889
6,nominal,2,bits_wsb6_s2,4,0,0.688276137384628,0.6163386596852337,0.7355627705627705,0.7786954177897574,0.4821239892183288,0.756722371967655
6,nominal,2,bits_wsb6_s2,5,0,0.6465719084374745,0.5796499718421267,0.6033658008658009,0.6766469002695418,0.5183935309973047,0.7878814016172505
6,nominal,2,bits_wsb6_s2,6,0,0.754453003757249,0.6224991617121707,0.7630411255411255,0.8819838274932615,0.6819191374663074,0.6908679245283018
6,nominal,2,bits_wsb6_s2,7,0,0.5864934452340113,0.53211743982598,0.5944805194805195,0.6198274932614556,0.6285929919137467,0.5030727762803234
6,nominal,2,bits_wsb6_s2,8,0,0.6692185840888671,0.5773841228285121,0.6716991341991342,0.63711051212938,0.6523989218328841,0.7156657681940701
6,nominal,2,bits_wsb6_s2,9,0,0.6608576635628522,0.5637875241276433,0.7176948051948052,0.7266630727762802,0.5110727762803235,0.688
6,quant_only,2,bits_wsb6_s2,0,0,0.7009121845135995,0.5994764999978506,0.7383441558441558,0.7811859838274933,0.570932614555256,0.7131859838274932
8,nominal,0,bits_wsb8_s0,0,0,0.6185671301968472,0.5532489564391252,0.5440151515151515,0.6147061994609164,0.6281185983827493,0.6874285714285715
8,nominal,0,bits_wsb8_s0,1,0,0.6847609960793923,0.6063441193034044,0.489512987012987,0.8858436657681942,0.5363881401617251,0.8272991913746631
8,nominal,0,bits_wsb8_s0,2,0,0.5812650596259087,0.5095616399489289,0.489534632034632,0.6102641509433963,0.5498544474393532,0.6754070080862534
8,nominal,0,bits_wsb8_s0,3,0,0.5594393020501511,0.5280768924885112,0.5428030303030303,0.6485390835579514,0.593455525606469,0.45295956873315363
8,nominal,0,bits_wsb8_s0,4,0,0.593633024993874,0.5226799309594742,0.6538636363636363,0.6971320754716981,0.49332614555256066,0.5302102425876011
8,nominal,0,bits_wsb8_s0,5,0,0.6227585354896675,0.5676358026283548,0.48404761904761906,0.7921940700808624,0.5170889487870619,0.6977035040431266
8,nominal,0,bits_wsb8_s0,6,0,0.5195823327615781,0.5175119939643277,0.4201298701298702,0.6992991913746631,0.43600000000000005,0.522900269541779
8,nominal,0,bits_wsb8_s0,7,0,0.5859887793024586,0.49050467076782867,0.5338203463203464,0.5859730458221024,0.6241401617250675,0.6000215633423182
8,nominal,0,bits_wsb8_s0,8,0,0.6577845401453892,0.5513813478808514,0.651612554112554,0.5702425876010782,0.7007547169811321,0.7085283018867925
8,nominal,0,bits_wsb8_s0,9,0,0.5556164338805849,0.5462179784796468,0.46199134199134206,0.7106091644204853,0.5902857142857143,0.45957951482479786
8,quant_only,0,bits_wsb8_s0,0,0,0.7501959384954668,0.6322065347760482,0.7676948051948053,0.8129487870619947,0.620388140161725,0.7997520215633424
8,nominal,1,bits_wsb8_s1,0,0,0.6251742526341584,0.5660340280375037,0.6789935064935064,0.7022857142857143,0.7130889487870621,0.4063288409703504
8,nominal,1,bits_wsb8_s1,1,0,0.5561792657028506,0.5543661361809326,0.350021645021645,0.7683989218328842,0.5925929919137467,0.5137035040431267
8,nominal,1,bits_wsb8_s1,2,0,0.6486759985297721,0.543378224721323,0.7537012987012988,0.7143827493261456,0.3932830188679245,0.7333369272237197
8,nominal,1,bits_wsb8_s1,3,0,0.701316272563914,0.6172438493317342,0.7752489177489177,0.8496388140161726,0.45304582210242594,0.7273315363881402
8,nominal,1,bits_wsb8_s1,4,0,0.7056706383239402,0.5871226630039936,0.7765909090909091,0.7497250673854448,0.5773584905660378,0.7190080862533692
8,nominal,1,bits_wsb8_s1,5,0,0.7097272931471045,0.5923176831443961,0.7280735930735931,0.7140808625336927,0.5724204851752022,0.8243342318059299
8,nominal,1,bits_wsb8_s1,6,0,0.6794811422853875,0.6010941268265002,0.6442965367965368,0.7673423180592991,0.5610566037735849,0.7452291105121294
8,nominal,1,bits_wsb8_s1,7,0,0.7361521992158786,0.5888951043990766,0.7156168831168831,0.8837520215633423,0.637067385444744,0.7081725067385445
8,nominal,1,bits_wsb8_s1,8,0,0.5759031589479702,0.5365390857074075,0.5744913419913419,0.7171536388140162,0.40883018867924525,0.6031374663072776
8,nominal,1,bits_wsb8_s1,9,0,0.675251654006371,0.5663720299892097,0.7524675324675325,0.735654986522911,0.5149541778975741,0.6979299191374664
8,quant_only,1,bits_wsb8_s1,0,0,0.7095105060034306,0.617244494168526,0.7611363636363636,0.7791266846361187,0.5686253369272237,0.7291536388140162
8,nominal,2,bits_wsb8_s2,0,0,0.6214699726374255,0.540749923694313,0.6924567099567099,0.6567654986522912,0.5025983827493261,0.6340592991913747
8,nominal,2,bits_wsb8_s2,1,0,0.656603191619701,0.5664766010222813,0.8365259740259741,0.7239137466307278,0.4270404312668463,0.638932614555256
8,nominal,2,bits_wsb8_s2,2,0,0.6576600608510985,0.5873989755692834,0.702521645021645,0.8593962264150943,0.4804097035040431,0.5883126684636117
8,nominal,2,bits_wsb8_s2,3,0,0.6932131115739606,0.6019389167601681,0.7487554112554112,0.8354932614555256,0.4845714285714286,0.704032345013477
8,nominal,2,bits_wsb8_s2,4,0,0.6090690190312832,0.5499641578216554,0.5388744588744588,0.7940161725067385,0.4714285714285714,0.6319568733153639
8,nominal,2,bits_wsb8_s2,5,0,0.7656193130768603,0.6189257986303667,0.7436147186147186,0.7545660377358491,0.7563180592991915,0.807978436657682
8,nominal,2,bits_wsb8_s2,6,0,0.6874990198480765,0.5684898889591045,0.7403896103896105,0.7583396226415094,0.6464797843665768,0.6047870619946091
8,nominal,2,bits_wsb8_s2,7,0,0.6658527321734868,0.5523149103461913,0.6524675324675324,0.708722371967655,0.561466307277628,0.740754716981132
8,nominal,2,bits_wsb8_s2,8,0,0.6012339704320836,0.5360613691174764,0.688008658008658,0.6106415094339622,0.5304474393530998,0.5758382749326145
8,nominal,2,bits_wsb8_s2,9,0,0.6991056828391734,0.5923562121427066,0.6463095238095238,0.8706954177897576,0.5913962264150943,0.6880215633423181
8,quant_only,2,bits_wsb8_s2,0,0,0.6963048987176346,0.5985562104231419,0.7374783549783549,0.7808733153638814,0.5860592991913747,0.6808086253369271
10,nominal,0,bits_wsb10_s0,0,0,0.7252224638568978,0.5772676760511914,0.6700974025974026,0.8219838274932615,0.6591374663072777,0.7496711590296496
10,nominal,0,bits_wsb10_s0,1,0,0.778288021726701,0.6642940971640078,0.7253030303030301,0.8997520215633424,0.5851859838274933,0.9029110512129379
10,nominal,0,bits_wsb10_s0,2,0,0.6625468635138447,0.5615890605587726,0.6511038961038962,0.8695202156334232,0.5248301886792452,0.604733153638814
10,nominal,0,bits_wsb10_s0,3,0,0.6759851547823246,0.5853141107485695,0.6128354978354978,0.7564743935309973,0.6151805929919137,0.7194501347708895
10,nominal,0,bits_wsb10_s0,4,0,0.6894878195703668,0.5506013103083609,0.6542316017316017,0.8075256064690027,0.5075902964959569,0.7886037735849057
10,nominal,0,bits_wsb10_s0,5,0,0.636893183860165,0.5297565311219731,0.6096320346320346,0.6230404312668464,0.6239029649595687,0.6909973045822102
10,nominal,0,bits_wsb10_s0,6,0,0.6696031609899534,0.559723547720072,0.6822077922077922,0.7266846361185983,0.5416819407008087,0.7278382749326144
10,nominal,0,bits_wsb10_s0,7,0,0.6934062117128155,0.5767385337271137,0.7191558441558442,0.7791482479784366,0.6053800539083558,0.6699407008086253
10,nominal,0,bits_wsb10_s0,8,0,0.6780870293228785,0.5924798058611365,0.7665367965367965,0.8393207547169811,0.5283989218328842,0.5780916442048518
10,nominal,0,bits_wsb10_s0,9,0,0.6320197459772932,0.5795701732891405,0.7495021645021644,0.7645606469002695,0.4865768194070081,0.5274393530997304
10,quant_only,0,bits_wsb10_s0,0,0,0.7505853038470963,0.6330608360523952,0.7661363636363636,0.8201401617250673,0.6397412398921832,0.7763234501347709
10,nominal,1,bits_wsb10_s1,0,0,0.6134661337090582,0.5449401806402799,0.5083874458874459,0.704743935309973,0.7470727762803234,0.49366037735849055
10,nominal,1,bits_wsb10_s1,1,0,0.6314051294617332,0.5752353654290099,0.6522943722943723,0.8616711590296496,0.5222857142857142,0.48936927223719673
10,nominal,1,bits_wsb10_s1,2,0,0.5937951380380626,0.5399176543416861,0.5428463203463203,0.7413045822102426,0.5892506738544475,0.5017789757412399
10,nominal,1,bits_wsb10_s1,3,0,0.6406116352201258,0.5487108100439778,0.5254761904761904,0.7459191374663073,0.5821239892183289,0.7089272237196766
10,nominal,1,bits_wsb10_s1,4,0,0.6161797149391488,0.5557222279541048,0.6847835497835497,0.7157196765498652,0.48942318059299195,0.5747924528301886
10,nominal,1,bits_wsb10_s1,5,0,0.6198117802009312,0.5717269159175813,0.6833441558441559,0.776722371967655,0.40590835579514817,0.6132722371967656
10,nominal,1,bits_wsb10_s1,6,0,0.6066733643714776,0.557277466823147,0.730909090909091,0.7539838274932614,0.4846469002695418,0.45715363881401616
10,nominal,1,bits_wsb10_s1,7,0,0.7078511496365271,0.5668600102314105,0.8165043290043289,0.6524420485175202,0.612323450134771,0.7501347708894878
10,nominal,1,bits_wsb10_s1,8,0,0.58762940047374,0.5620414673046251,0.5871645021645021,0.7253045822102426,0.5487547169811321,0.48929380053908356
10,nominal,1,bits_wsb10_s1,9,0,0.6712560136404476,0.5693308636084207,0.7228030303030303,0.7386415094339623,0.6280862533692723,0.5954932614555256
10,quant_only,1,bits_wsb10_s1,0,0,0.6864598341909663,0.6013964478090595,0.7217099567099567,0.7797628032345014,0.5853369272237197,0.6590296495956873
10,nominal,2,bits_wsb10_s2,0,0,0.6934091725884179,0.6032140815159683,0.6394372294372295,0.6882156334231806,0.6240970350404313,0.8218867924528301
10,nominal,2,bits_wsb10_s2,1,0,0.6786578350894388,0.6045049910367686,0.7201623376623376,0.7065983827493261,0.5626522911051213,0.7252183288409704
10,nominal,2,bits_wsb10_s2,2,0,0.6365342746875766,0.5612453625487389,0.7920454545454546,0.6640646900269541,0.4996657681940701,0.5903611859838275
10,nominal,2,bits_wsb10_s2,3,0,0.692067926570285,0.6101005622976825,0.7748593073593073,0.7263504043126685,0.4622749326145552,0.8047870619946093
10,nominal,2,bits_wsb10_s2,4,0,0.7654063138119741,0.668403803247398,0.8335497835497834,0.8531428571428572,0.5868679245283018,0.7880646900269541
10,nominal,2,bits_wsb10_s2,5,0,0.6121001082251083,0.5481888146610093,0.7118290043290044,0.7358814016172506,0.6142318059299192,0.38645822102425875
10,nominal,2,bits_wsb10_s2,6,0,0.7248111369762315,0.6072878916846147,0.6840909090909091,0.7980269541778976,0.672345013477089,0.7447816711590297
10,nominal,2,bits_wsb10_s2,7,0,0.6569327779139099,0.5749973669164334,0.7773160173160172,0.744,0.4365606469002695,0.6698544474393531
10,nominal,2,bits_wsb10_s2,8,0,0.6759594053744997,0.609186398672496,0.7655411255411255,0.7627924528301887,0.6340916442048518,0.5414123989218329
10,nominal,2,bits_wsb10_s2,9,0,0.6400740116801439,0.6181142715278762,0.7241666666666666,0.7891967654986524,0.5638706199460917,0.4830619946091644
10,quant_only,2,bits_wsb10_s2,0,0,0.7095627297231071,0.6170436275078778,0.7336363636363636,0.7884312668463611,0.614911051212938,0.7012722371967655
