kind,features,seed,auc,pauc,auc_min,val_min,val_final
fp32,frames,0,0.7435124560973617,0.6122049871677478,0.7435124560973617,1.3850065085847498,1.3897102081169517
fp32,frames,1,0.7367280691007105,0.6198478615062528,0.7367280691007105,1.4423727463867704,1.4423727463867704
fp32,frames,2,0.7082543596340766,0.6000931789164162,0.7082543596340766,1.4038406549873998,1.4891064833786527
fp32,tau512,0,0.6884748836069591,0.5627352579562113,0.6884748836069591,0.5139583596738718,0.5139583596738718
fp32,tau512,1,0.718577615780446,0.6036036704110189,0.718577615780446,0.5812098050521592,0.5927312848931652
fp32,tau512,2,0.7161291554357593,0.5920979550075876,0.7161291554357593,0.5287765900967485,0.5287765900967485
fp32,tau128,0,0.7650033386424896,0.6150313605626415,0.7650033386424896,0.32674604603799723,0.3365150740591146
fp32,tau128,1,0.7498334456424078,0.6010220125786163,0.7498334456424078,0.3296821016376301,0.3296821016376301
fp32,tau128,2,0.7369719329412725,0.5914100753599264,0.7369719329412725,0.33955767346640764,0.33955767346640764
