kind,features,seed,auc,pauc,auc_min
fp32,tau512,0,0.5932172363799721,0.5305895527841904,0.5932172363799721
fp32,tau512,1,0.6854653883851997,0.5825761337305528,0.6854653883851997
fp32,tau512,2,0.6964358510985869,0.5764179961051858,0.6964358510985869
fp32,tau128,0,0.7494225577881238,0.604235986621786,0.7494225577881238
fp32,tau128,1,0.7322843869966511,0.6095152116999187,0.7322843869966511
fp32,tau128,2,0.5250694172180022,0.5206885137371731,0.5250694172180022
hwa6,tau512,0,0.6576780200931144,0.5546982916123928,0.6241977048109124
hwa6,tau512,1,0.6788772145307523,0.5686100381743381,0.6427495099240382
hwa6,tau512,2,0.6035867516131668,0.5338246613532114,0.5710009086825124
fp32,frames,0,0.7275596667483459,0.6242612857185846,
fp32,frames,1,0.7147883586539248,0.6205316034511665,
fp32,frames,2,0.7380865698766641,0.6179442495604363,
hwa6,frames,0,0.7196293269623458,0.6011786864244659,
hwa6,frames,1,0.7184662327452421,0.60472764780734,
hwa6,frames,2,0.729129962019113,0.6188487836228651,
