arm,seed,run_name,chip,trial,auc,pauc,auc_id1,auc_id2,auc_id3,auc_id4
fp32,0,nreg_fp32_s0,0,0,0.7275596667483459,0.6242612857185846,0.778961038961039,0.7811428571428574,0.5934986522911051,0.7566361185983828
fp32,1,nreg_fp32_s1,0,0,0.7147897063628196,0.6205316034511665,0.7513744588744589,0.7977897574123989,0.590932614555256,0.7190619946091644
fp32,2,nreg_fp32_s2,0,0,0.7380852221677694,0.6179442495604363,0.7503354978354979,0.8058760107816711,0.6273746630727763,0.768754716981132
act0.04,0,nreg_act0.04_s0,0,0,0.7418305460263007,0.626791947708035,0.7689502164502164,0.8049380053908356,0.614932614555256,0.778501347708895
act0.04,1,nreg_act0.04_s1,0,0,0.7366554051294618,0.6228753165073919,0.7718722943722943,0.7961940700808625,0.6001832884097036,0.7783719676549866
act0.04,2,nreg_act0.04_s2,0,0,0.7425504778240627,0.6273330732491607,0.7720779220779221,0.8007654986522911,0.6133261455525606,0.7840323450134771
in0.84,0,nreg_in0.84_s0,0,0,0.7263567242505922,0.6235900106183125,0.7409848484848486,0.8057681940700808,0.6088625336927224,0.749811320754717
in0.84,1,nreg_in0.84_s1,0,0,0.7166975822919218,0.6169474393530997,0.7537229437229437,0.7927008086253369,0.5969380053908355,0.7234285714285714
in0.84,2,nreg_in0.84_s2,0,0,0.7059398125459446,0.6120831667504955,0.7419155844155845,0.7852075471698112,0.575256064690027,0.7213800539083559
act0.02,0,nreg_act0.02_s0,0,0,0.7309152270685291,0.618575652252415,0.764426406926407,0.7934986522911053,0.6050242587601078,0.7607115902964962
act0.02,1,nreg_act0.02_s1,0,0,0.7345695397369926,0.6207478924584188,0.7722835497835497,0.7920646900269542,0.6026738544474394,0.7712560646900269
act0.02,2,nreg_act0.02_s2,0,0,0.723247406681369,0.6133057773077635,0.7536796536796537,0.7935741239892184,0.609099730458221,0.7366361185983827
act0.08,0,nreg_act0.08_s0,0,0,0.7530219002695417,0.6203406242879927,0.760357142857143,0.8030619946091645,0.6299730458221025,0.8186954177897574
act0.08,1,nreg_act0.08_s1,0,0,0.7585127521849221,0.6365237170972027,0.7606601731601731,0.7926145552560648,0.6302425876010782,0.8505336927223719
act0.08,2,nreg_act0.08_s2,0,0,0.7503344462141632,0.6170802219958129,0.7573701298701299,0.8077088948787062,0.6311159029649596,0.8051428571428572
in0.42,0,nreg_in0.42_s0,0,0,0.6924497672139182,0.6144866884191611,0.7396103896103896,0.789390835579515,0.5620161725067385,0.6787816711590295
in0.42,1,nreg_in0.42_s1,0,0,0.682555419423344,0.601259688672797,0.7230303030303031,0.7771859838274934,0.5749865229110511,0.6550188679245282
in0.42,2,nreg_in0.42_s2,0,0,0.7143880482724823,0.6256123800066203,0.7627597402597404,0.7940053908355794,0.5904582210242587,0.7103288409703503
in1.68,0,nreg_in1.68_s0,0,0,0.7152895430041657,0.6179905166002484,0.7554870129870128,0.7974123989218329,0.5922587601078166,0.716
in1.68,1,nreg_in1.68_s1,0,0,0.7042964346973781,0.5963909559490492,0.7470779220779221,0.7772830188679245,0.5807331536388141,0.7120916442048517
in1.68,2,nreg_in1.68_s2,0,0,0.7230219104794577,0.6252942067862624,0.768939393939394,0.7946630727762803,0.5866630727762803,0.741822102425876
