model,seed,chip,mode,fpr,tpr,score_shift,precision@0.01,precision@0.1
6bit,0,0,factory,1.0,1.0,1.7602111243093364,0.01,0.1
6bit,0,0,install,0.09142857142857143,0.35130789022298453,1.7602111243093364,0.03736230316097561,0.29919805165839125
6bit,0,1,factory,1.0,1.0,1.7811583343408774,0.01,0.1
6bit,0,1,install,0.09285714285714286,0.3447076901086335,1.7811583343408774,0.036142107146384043,0.29202073255906985
6bit,0,1,golden,0.09428571428571429,0.3494318181818182,1.7811583343408774,0.03608447035038398,0.2916785235172161
6bit,0,2,factory,1.0,1.0,1.8007266499284824,0.01,0.1
6bit,0,2,install,0.08571428571428572,0.35127572898799314,1.8007266499284824,0.039750608341026596,0.312883569482772
6bit,0,2,golden,0.10857142857142857,0.38434819897084044,1.8007266499284824,0.03452357618930283,0.2822994666361905
6bit,0,3,factory,1.0,1.0,1.7916147171778702,0.01,0.1
6bit,0,3,install,0.09571428571428571,0.36734919954259576,1.7916147171778702,0.03732061670564434,0.2989549520026396
6bit,0,3,golden,0.09857142857142856,0.36735634648370497,1.7916147171778702,0.036278783993371394,0.2928310718904683
6bit,0,4,factory,1.0,1.0,1.775658718584488,0.01,0.1
6bit,0,4,install,0.08571428571428573,0.35226558033161803,1.775658718584488,0.039858156011982525,0.31348884372123703
6bit,0,4,golden,0.09571428571428571,0.3701901086335048,1.775658718584488,0.03759838546127046,0.30057201520753685
6bit,0,5,factory,1.0,1.0,1.7742422993932963,0.01,0.1
6bit,0,5,install,0.09714285714285714,0.3597984562607204,1.7742422993932963,0.036063002172554336,0.2915509856198924
6bit,0,5,golden,0.09857142857142857,0.3711406518010291,1.7742422993932963,0.03663881548224446,0.2949578923692151
6bit,0,6,factory,1.0,1.0,1.7575982537550825,0.01,0.1
6bit,0,6,install,0.09142857142857143,0.3409162378502001,1.7575982537550825,0.03629724470011006,0.29294039845024705
6bit,0,6,golden,0.09285714285714286,0.3380860491709548,1.7575982537550825,0.03547246503931928,0.2880268808272308
6bit,0,7,factory,1.0,1.0,1.7659199265299053,0.01,0.1
6bit,0,7,install,0.09714285714285713,0.34942109777015434,1.7659199265299053,0.03505933432533762,0.2855431499830545
6bit,0,7,golden,0.08857142857142858,0.3437357061177816,1.7659199265299053,0.03772213787759967,0.3012903539316074
6bit,0,8,factory,1.0,1.0,1.8026628148727095,0.01,0.1
6bit,0,8,install,0.08571428571428572,0.3314787021154946,1.8026628148727095,0.03759458396487736,0.30054992841812145
6bit,0,8,golden,0.11428571428571428,0.3768010291595197,1.8026628148727095,0.03222976934721473,0.2681147101515607
6bit,0,9,factory,1.0,1.0,1.764178106172212,0.01,0.1
6bit,0,9,install,0.09428571428571429,0.34657661520869065,1.764178106172212,0.03580018012990285,0.2899863468901373
6bit,0,9,golden,0.09571428571428572,0.35224771297884505,1.764178106172212,0.03584137922243544,0.2902320145036299
6bit,1,0,factory,1.0,1.0,1.812208009296079,0.01,0.1
6bit,1,0,install,0.11,0.36734919954259576,1.812208009296079,0.032631944966006896,0.2706372093978369
6bit,1,1,factory,1.0,1.0,1.7928104209428473,0.01,0.1
6bit,1,1,install,0.09571428571428571,0.3787056889651229,1.7928104209428473,0.038430033420352915,0.3053747493798765
6bit,1,1,golden,0.09571428571428571,0.37205903373356203,1.7928104209428473,0.0377810314742727,0.30163175712224316
6bit,1,2,factory,1.0,1.0,1.859724213143094,0.01,0.1
6bit,1,2,install,0.1,0.338093196112064,1.859724213143094,0.03302306295086819,0.2730757241650022
6bit,1,2,golden,0.13285714285714287,0.4051279302458548,1.859724213143094,0.0298811311608218,0.2530717432403982
6bit,1,3,factory,1.0,1.0,1.8165316147651454,0.01,0.1
6bit,1,3,install,0.10285714285714286,0.38907590051457974,1.8165316147651454,0.03680272083812699,0.29592242518218287
6bit,1,3,golden,0.10571428571428572,0.4088693539165237,1.8165316147651454,0.037598621470569214,0.3005733863872484
6bit,1,4,factory,1.0,1.0,1.809346738514437,0.01,0.1
6bit,1,4,install,0.08285714285714287,0.32768724985706116,1.809346738514437,0.03841340420629349,0.30527928179517727
6bit,1,4,golden,0.10142857142857142,0.3503287592910234,1.809346738514437,0.033712176693676155,0.2773374518313231
6bit,1,5,factory,1.0,1.0,1.8154801803496508,0.01,0.1
6bit,1,5,install,0.08571428571428572,0.34941752429959977,1.8154801803496508,0.03954864871439316,0.31174442738509645
6bit,1,5,golden,0.10285714285714286,0.3833833619210978,1.8154801803496508,0.03628380044422849,0.29286078285573364
6bit,1,6,factory,1.0,1.0,1.8128308335039838,0.01,0.1
6bit,1,6,install,0.08714285714285713,0.325836192109777,1.8128308335039838,0.03639416448059005,0.2935138836848562
6bit,1,6,golden,0.11571428571428571,0.3729881360777587,1.8128308335039838,0.03153246423636474,0.26370456040168727
6bit,1,7,factory,1.0,1.0,1.8063842681004472,0.01,0.1
6bit,1,7,install,0.09571428571428571,0.3607597198399085,1.8063842681004472,0.03667571526506394,0.295175238068665
6bit,1,7,golden,0.08857142857142856,0.3616673813607776,1.8063842681004472,0.039612039607041016,0.3121023350879232
6bit,1,8,factory,1.0,1.0,1.827011729632681,0.01,0.1
6bit,1,8,install,0.10142857142857142,0.3324649799885649,1.827011729632681,0.032048235153053814,0.266971070287295
6bit,1,8,golden,0.11000000000000001,0.37017938822184104,1.827011729632681,0.032875087994517126,0.27215482856696976
6bit,1,9,factory,1.0,1.0,1.8162693886589738,0.01,0.1
6bit,1,9,install,0.09428571428571428,0.338075328759291,1.8162693886589738,0.034952720153306006,0.2848997198793753
6bit,1,9,golden,0.10142857142857142,0.3550421669525443,1.8162693886589738,0.03415025886061693,0.2800239452814565
6bit,2,0,factory,1.0,1.0,1.8424287255698062,0.01,0.1
6bit,2,0,install,0.1057142857142857,0.42023299028016003,1.8424287255698062,0.03860325423464548,0.3063678402977625
6bit,2,1,factory,1.0,1.0,1.830456810888945,0.01,0.1
6bit,2,1,install,0.10142857142857142,0.39942109777015433,1.830456810888945,0.038255612371134506,0.30437226298839065
6bit,2,1,golden,0.10285714285714286,0.38434819897084044,1.830456810888945,0.03637179240281077,0.2933815779506263
6bit,2,2,factory,1.0,1.0,1.8241766637530656,0.01,0.1
6bit,2,2,install,0.08285714285714285,0.38340837621498,1.8241766637530656,0.04465368271728139,0.33956308658252643
6bit,2,2,golden,0.10571428571428572,0.409837764436821,1.8241766637530656,0.03768431823478116,0.3010709613826426
6bit,2,3,factory,1.0,1.0,1.8416925192657725,0.01,0.1
6bit,2,3,install,0.09571428571428572,0.40037164093767863,1.8416925192657725,0.040539505621070095,0.31730192863643836
6bit,2,3,golden,0.11857142857142856,0.40605703259005144,1.8416925192657725,0.033435113629751774,0.27562928521781904
6bit,2,4,factory,1.0,1.0,1.7950120632452442,0.01,0.1
6bit,2,4,install,0.09285714285714287,0.3711013436249285,1.7950120632452442,0.03880206549928589,0.3075045886073941
6bit,2,4,golden,0.10714285714285714,0.3937893081761006,1.7950120632452442,0.03579599458103586,0.2899613803825575
6bit,2,5,factory,1.0,1.0,1.821174756934829,0.01,0.1
6bit,2,5,install,0.08714285714285715,0.4334369639794168,1.821174756934829,0.04783766299028419,0.35594061908818775
6bit,2,5,golden,0.09571428571428572,0.44101272155517435,1.821174756934829,0.04447160048188176,0.3386046833211684
6bit,2,6,factory,1.0,1.0,1.7948083258346648,0.01,0.1
6bit,2,6,install,0.09285714285714287,0.38811821040594624,1.7948083258346648,0.04050925882757447,0.31713344075790634
6bit,2,6,golden,0.09142857142857144,0.37396726700971983,1.7948083258346648,0.0396765582496409,0.31246627652866865
6bit,2,7,factory,1.0,1.0,1.7872674071077426,0.01,0.1
6bit,2,7,install,0.09142857142857143,0.38531303602058314,1.7872674071077426,0.04083115253642482,0.3189228163026685
6bit,2,7,golden,0.07857142857142857,0.3541309319611206,1.7872674071077426,0.04354406644459214,0.3336847999045653
6bit,2,8,factory,1.0,1.0,1.7966438652499501,0.01,0.1
6bit,2,8,install,0.09142857142857143,0.36452258433390505,1.7966438652499501,0.03871330450889399,0.3069974802384796
6bit,2,8,golden,0.08857142857142858,0.354145225843339,1.7966438652499501,0.0388201496614451,0.3076078273343729
6bit,2,9,factory,1.0,1.0,1.8258048066807135,0.01,0.1
6bit,2,9,install,0.09857142857142857,0.43247570040022865,1.8258048066807135,0.04243682665059643,0.3277278103798629
6bit,2,9,golden,0.11714285714285715,0.4362885934819897,1.8258048066807135,0.0362563741915308,0.29269831849938366
4bit_dc_removed,0,0,factory,0.15857142857142859,0.4570790451686678,1.0771988545997422,0.028292209336394005,0.24258238618706882
4bit_dc_removed,0,0,install,0.09285714285714286,0.3617281303602058,1.0771988545997422,0.037859113715189005,0.30208394617090556
4bit_dc_removed,0,1,factory,0.14142857142857143,0.4533197541452258,1.0634338897015987,0.031361303838351735,0.26261488896789686
4bit_dc_removed,0,1,install,0.09,0.37020440251572323,1.0634338897015987,0.039891837125415726,0.3136782083905091
4bit_dc_removed,0,1,golden,0.0857142857142857,0.3428530588907947,1.0634338897015987,0.038834506835393155,0.3076897703074662
4bit_dc_removed,0,2,factory,0.1514285714285714,0.431582332761578,1.0659120661307224,0.02798301417554759,0.2405109442951643
4bit_dc_removed,0,2,install,0.08428571428571428,0.32110134362492854,1.0659120661307224,0.037055626191768866,0.2974061696227815
4bit_dc_removed,0,2,golden,0.08714285714285715,0.3295919096626644,1.0659120661307224,0.036798221477335934,0.29589597867524714
4bit_dc_removed,0,3,factory,0.12714285714285714,0.42310606060606054,1.0419057559006046,0.03252098121111644,0.2699427592921209
4bit_dc_removed,0,3,install,0.08428571428571428,0.3485241566609491,1.0419057559006046,0.040093383133317534,0.31480945395315113
4bit_dc_removed,0,3,golden,0.07857142857142857,0.32112278444825615,1.0419057559006046,0.039646284909382636,0.31229555035152057
4bit_dc_removed,0,4,factory,0.13999999999999999,0.4268582046883933,1.0520858294398623,0.029877681892882164,0.2530492506732332
4bit_dc_removed,0,4,install,0.08,0.3456796740994854,1.0520858294398623,0.041821082806133045,0.32437484030235414
4bit_dc_removed,0,4,golden,0.07571428571428572,0.33242209834190967,1.0520858294398623,0.04246503663617357,0.3278807306180155
4bit_dc_removed,0,5,factory,0.11999999999999998,0.41177101200686106,1.039786254279469,0.03349973015317602,0.276028297032606
4bit_dc_removed,0,5,install,0.09000000000000001,0.3664343910806175,1.039786254279469,0.03950164207844209,0.3114788158683698
4bit_dc_removed,0,5,golden,0.07142857142857144,0.307886649514008,1.039786254279469,0.04172292960737362,0.32383766476785514
4bit_dc_removed,0,6,factory,0.12142857142857144,0.40612492853058885,1.0375825449004283,0.0326793949051938,0.270933813207389
4bit_dc_removed,0,6,install,0.08,0.3437928816466552,1.0375825449004283,0.041602311017522806,0.32317652014600334
4bit_dc_removed,0,6,golden,0.0642857142857143,0.3163986563750715,1.0375825449004283,0.04736021623242417,0.3535298684245801
4bit_dc_removed,0,7,factory,0.12142857142857143,0.38438393367638646,1.0317372595628231,0.03098418048138431,0.2602039300033382
4bit_dc_removed,0,7,install,0.08714285714285715,0.3437964551172098,1.0317372595628231,0.0383233508945226,0.30476189097038536
4bit_dc_removed,0,7,golden,0.05857142857142857,0.2918489136649514,1.0317372595628231,0.047919338447136736,0.3563514605001314
4bit_dc_removed,0,8,factory,0.11285714285714286,0.42499642652944536,1.022198519297775,0.03664440355164128,0.29499081454566634
4bit_dc_removed,0,8,install,0.09142857142857143,0.3900514579759862,1.022198519297775,0.041312533285163926,0.32158355354069185
4bit_dc_removed,0,8,golden,0.055714285714285716,0.31829259576901087,1.022198519297775,0.05455814541104637,0.3882937375609954
4bit_dc_removed,0,9,factory,0.10857142857142857,0.40042881646655226,1.0309646451926326,0.03591611872506405,0.2906773013250039
4bit_dc_removed,0,9,install,0.0857142857142857,0.34287092624356774,1.0309646451926326,0.03883645204887044,0.3077008712288326
4bit_dc_removed,0,9,golden,0.060000000000000005,0.2927851629502573,1.0309646451926326,0.046975012822625346,0.351573462131608
4bit_dc_removed,1,0,factory,0.12142857142857143,0.5222520011435106,1.0529132416329063,0.04163466999354742,0.323353999377332
4bit_dc_removed,1,0,install,0.08714285714285715,0.4523334762721555,1.0529132416329063,0.04981933535169223,0.36578235217916727
4bit_dc_removed,1,1,factory,0.11285714285714285,0.49673384791309316,1.0417385118094034,0.042566517396022886,0.3284303354732251
4bit_dc_removed,1,1,install,0.08571428571428573,0.433479845626072,1.0417385118094034,0.04860078603995241,0.35976165448798036
4bit_dc_removed,1,1,golden,0.08142857142857143,0.42400300171526584,1.0417385118094034,0.0499683484641163,0.36651189316577515
4bit_dc_removed,1,2,factory,0.12142857142857143,0.49201686678101775,1.0459518764345495,0.03931905638703253,0.310445413193033
4bit_dc_removed,1,2,install,0.09,0.43912235563178953,1.0459518764345495,0.04696936663442723,0.3515447094930002
4bit_dc_removed,1,2,golden,0.08428571428571428,0.4296812464265294,1.0459518764345495,0.04897228908548902,0.36160764075474755
4bit_dc_removed,1,3,factory,0.10714285714285714,0.489190251572327,1.0445115405171166,0.044085757590326076,0.3365657658353778
4bit_dc_removed,1,3,install,0.07714285714285714,0.43065323041738135,1.0445115405171166,0.05337929042125979,0.38282364784787803
4bit_dc_removed,1,3,golden,0.07285714285714286,0.41551243567753,1.0445115405171166,0.054469363525166986,0.3878846815337709
4bit_dc_removed,1,4,factory,0.10142857142857144,0.45896226415094343,1.0289661896481421,0.043709064866023474,0.33456463861517455
4bit_dc_removed,1,4,install,0.08857142857142858,0.42120497427101194,1.0289661896481421,0.04583408298603775,0.34571816308172987
4bit_dc_removed,1,4,golden,0.06857142857142857,0.3928530588907947,1.0289661896481421,0.054704057610946405,0.3889649974363909
4bit_dc_removed,1,5,factory,0.12142857142857141,0.5042845911949685,1.0456674859504678,0.04025995044336022,0.31574191597607754
4bit_dc_removed,1,5,install,0.09,0.44199542595769004,1.0456674859504678,0.0472621516399456,0.3530327801474147
4bit_dc_removed,1,5,golden,0.08,0.42496069182389934,1.0456674859504678,0.05092422930646768,0.37115745095750446
4bit_dc_removed,1,6,factory,0.12857142857142856,0.5401872498570611,1.0502149650968267,0.04071121217505173,0.31825703652417875
4bit_dc_removed,1,6,install,0.08,0.4532840194396798,1.0502149650968267,0.05413455681036512,0.3863378448264834
4bit_dc_removed,1,6,golden,0.09142857142857143,0.4655731846769583,1.0502149650968267,0.048920153280236064,0.361349135244285
4bit_dc_removed,1,7,factory,0.12428571428571429,0.49202758719268147,1.0463325034181123,0.03845072995640362,0.30549353524797157
4bit_dc_removed,1,7,install,0.07857142857142857,0.42312035448827895,1.0463325034181123,0.05158939956293145,0.37435559269212526
4bit_dc_removed,1,7,golden,0.08,0.42401729559748425,1.0463325034181123,0.05081692433945535,0.37063888564379904
4bit_dc_removed,1,8,factory,0.11857142857142858,0.4693574899942824,1.032564039354859,0.038446938307487,0.30547177608440207
4bit_dc_removed,1,8,install,0.08857142857142856,0.41744568324757,1.032564039354859,0.04544359956726753,0.34369308565465545
4bit_dc_removed,1,8,golden,0.08571428571428572,0.40325185820468834,1.032564039354859,0.04536543976833085,0.34328643606549675
4bit_dc_removed,1,9,factory,0.12857142857142856,0.5505646083476272,1.0674142769781696,0.041460875678728706,0.32239983690034124
4bit_dc_removed,1,9,install,0.08714285714285713,0.44196683819325333,1.0674142769781696,0.04873321120159565,0.36042072842154915
4bit_dc_removed,1,9,golden,0.09142857142857143,0.45422026872498567,1.0674142769781696,0.04778424664776992,0.35567168020164686
4bit_dc_removed,2,0,factory,0.12428571428571428,0.40516009148084614,1.0521247031980894,0.03187865920141191,0.2658999214421622
4bit_dc_removed,2,0,install,0.08285714285714287,0.35319825614636935,1.0521247031980894,0.04128050131460168,0.3214070662514613
4bit_dc_removed,2,1,factory,0.14857142857142858,0.47786949685534585,1.095160387609693,0.03146685251678985,0.2632871868903097
4bit_dc_removed,2,1,install,0.08857142857142856,0.3853380503144654,1.095160387609693,0.04209546218512139,0.32587253450294956
4bit_dc_removed,2,1,golden,0.1057142857142857,0.4296991137793025,1.095160387609693,0.03943853234603055,0.3111219320135693
4bit_dc_removed,2,2,factory,0.13,0.401411520869068,1.0501936987348568,0.030246332143182748,0.2554464667836135
4bit_dc_removed,2,2,install,0.06714285714285714,0.32115137221269296,1.0501936987348568,0.0460875160609276,0.34702669354633187
4bit_dc_removed,2,2,golden,0.08,0.3494532590051458,1.0501936987348568,0.04225832688812932,0.3267587957328992
4bit_dc_removed,2,3,factory,0.09714285714285714,0.39101272155517436,1.0272232571234152,0.039069408791708796,0.30902806047912024
4bit_dc_removed,2,3,install,0.07857142857142857,0.3674135220125786,1.0272232571234152,0.0451036337829519,0.3419211212550364
4bit_dc_removed,2,3,golden,0.07,0.3447291309319611,1.0272232571234152,0.04738721191228711,0.35366659309992876
4bit_dc_removed,2,4,factory,0.08428571428571428,0.3579616923956546,1.017856993688169,0.04113439616998484,0.3206010513020937
4bit_dc_removed,2,4,install,0.07428571428571429,0.34190608919382504,1.017856993688169,0.044425359700526856,0.33836090678194986
4bit_dc_removed,2,4,golden,0.06142857142857143,0.3154552601486564,1.017856993688169,0.049313895398797186,0.3632969643836235
4bit_dc_removed,2,5,factory,0.12000000000000001,0.41368996569468264,1.04916001418734,0.03365059366626919,0.2769583884178297
4bit_dc_removed,2,5,install,0.08285714285714287,0.35417738707833046,1.04916001418734,0.041390201925596434,0.3220111542249219
4bit_dc_removed,2,5,golden,0.08571428571428572,0.361699542595769,1.04916001418734,0.04088195145098771,0.31920445545312753
4bit_dc_removed,2,6,factory,0.11857142857142858,0.3957475700400228,1.0544232600132617,0.03261390854198813,0.2705244102267608
4bit_dc_removed,2,6,install,0.07285714285714286,0.32492495711835334,1.0544232600132617,0.0431061753721177,0.3313399494188983
4bit_dc_removed,2,6,golden,0.09142857142857143,0.3437928816466552,1.0544232600132617,0.03659231273725065,0.2946838164194767
4bit_dc_removed,2,7,factory,0.13999999999999999,0.4146297884505431,1.0658949346635056,0.029046622896379132,0.2475948960839761
4bit_dc_removed,2,7,install,0.08428571428571428,0.3438107489994282,1.0658949346635056,0.03957262105138121,0.3118798144551184
4bit_dc_removed,2,7,golden,0.09571428571428572,0.359819897084048,1.0658949346635056,0.03658366596024322,0.2946328338264195
4bit_dc_removed,2,8,factory,0.12999999999999998,0.45710763293310464,1.0736963913719118,0.03429908765826497,0.2809326338842747
4bit_dc_removed,2,8,install,0.08571428571428572,0.3768510577472841,1.0736963913719118,0.04252166761459301,0.3281875321760764
4bit_dc_removed,2,8,golden,0.09142857142857143,0.3956975414522584,1.0736963913719118,0.04188549371779196,0.3247269462318094
4bit_dc_removed,2,9,factory,0.11714285714285713,0.40896583762149796,1.0607665859692081,0.034063146354808574,0.2794911354021454
4bit_dc_removed,2,9,install,0.07571428571428572,0.33722126929674096,1.0607665859692081,0.0430517099149383,0.3310472900644919
4bit_dc_removed,2,9,golden,0.0842857142857143,0.3532482847341338,1.0607665859692081,0.04061476330807587,0.31772083234959714
