cfg_name,name,seed,tracks,n_mels,frames,hidden,n_blocks,bottleneck,input_dim,tiles,max_layer_tiles,auc,pauc,params,wall_min
m128f5_h128b4z8,m128f5_h128b4z8_s0,0,dim,128,5,128,4,8,640,380,110,0.7772744119088458,0.6659569700408826,267928,5.71
m128f5_h128b4z8,m128f5_h128b4z8_s1,1,dim,128,5,128,4,8,640,380,110,0.7937688066650331,0.6897379060859696,267928,5.42
m128f5_h128b4z8,m128f5_h128b4z8_s2,2,dim,128,5,128,4,8,640,380,110,0.7831842787715428,0.6666446884793459,267928,5.92
m64f5_h128b4z8,m64f5_h128b4z8_s0,0,dim,64,5,128,4,8,320,270,55,0.7474888609817855,0.6390588392077965,185688,5.45
m64f5_h128b4z8,m64f5_h128b4z8_s1,1,dim,64,5,128,4,8,320,270,55,0.7794151964387814,0.6744716099855127,185688,5.02
m64f5_h128b4z8,m64f5_h128b4z8_s2,2,dim,64,5,128,4,8,320,270,55,0.759350363473005,0.6469386910672908,185688,3.99
m32f5_h128b4z8,m32f5_h128b4z8_s0,0,dim,32,5,128,4,8,160,220,30,0.748359491137793,0.6443391390139156,144568,3.08
m32f5_h128b4z8,m32f5_h128b4z8_s1,1,dim,32,5,128,4,8,160,220,30,0.7333854345340194,0.6272398405963451,144568,2.78
m32f5_h128b4z8,m32f5_h128b4z8_s2,2,dim,32,5,128,4,8,160,220,30,0.7453206526178224,0.6441102756892231,144568,2.77
m16f5_h128b4z8,m16f5_h128b4z8_s0,0,dim,16,5,128,4,8,80,190,25,0.7475169076206812,0.6677427917993956,124008,2.83
m16f5_h128b4z8,m16f5_h128b4z8_s1,1,dim,16,5,128,4,8,80,190,25,0.7196489422527158,0.6358127845342344,124008,2.83
m16f5_h128b4z8,m16f5_h128b4z8_s2,2,dim,16,5,128,4,8,80,190,25,0.6966375071469412,0.6222390775394748,124008,3.07
m32f2_h128b4z8,m32f2_h128b4z8_s0,0,dim,32,2,128,4,8,64,190,25,0.6600123233684554,0.5480831688999515,119896,2.86
m32f2_h128b4z8,m32f2_h128b4z8_s1,1,dim,32,2,128,4,8,64,190,25,0.7066123499142367,0.5644209150663967,119896,3.37
m32f2_h128b4z8,m32f2_h128b4z8_s2,2,dim,32,2,128,4,8,64,190,25,0.7108268194070082,0.5937717901099231,119896,3.37
m16f2_h30b2z4,m16f2_h30b2z4_s0,0,"alloc,chip",16,2,30,2,4,32,8,2,0.7227164297966184,0.6070213591440006,4364,1.67
m16f2_h30b2z4,m16f2_h30b2z4_s1,1,"alloc,chip",16,2,30,2,4,32,8,2,0.7219030568488115,0.6312674911979779,4364,2.01
m16f2_h30b2z4,m16f2_h30b2z4_s2,2,"alloc,chip",16,2,30,2,4,32,8,2,0.6957862145715918,0.5631477922937704,4364,1.95
m32f1_h30b2z4,m32f1_h30b2z4_s0,0,chip,32,1,30,2,4,32,8,2,0.6375752879196275,0.5442004991036768,4364,1.67
m32f1_h30b2z4,m32f1_h30b2z4_s1,1,chip,32,1,30,2,4,32,8,2,0.6677157967818345,0.5528783364930336,4364,1.68
m32f1_h30b2z4,m32f1_h30b2z4_s2,2,chip,32,1,30,2,4,32,8,2,0.6809031742628441,0.5634021266717394,4364,2.56
m6f5_h30b2z4,m6f5_h30b2z4_s0,0,alloc,6,5,30,2,4,30,6,1,0.7275596667483459,0.6242612857185846,4242,1.65
m6f5_h30b2z4,m6f5_h30b2z4_s1,1,alloc,6,5,30,2,4,30,6,1,0.7147883586539248,0.6205316034511665,4242,2.62
m6f5_h30b2z4,m6f5_h30b2z4_s2,2,alloc,6,5,30,2,4,30,6,1,0.7380865698766641,0.6179442495604363,4242,2.61
m10f3_h30b2z4,m10f3_h30b2z4_s0,0,alloc,10,3,30,2,4,30,6,1,0.7236960405946254,0.6517568041028816,4242,1.65
m10f3_h30b2z4,m10f3_h30b2z4_s1,1,alloc,10,3,30,2,4,30,6,1,0.7046606428163031,0.6190901245394791,4242,2.57
m10f3_h30b2z4,m10f3_h30b2z4_s2,2,alloc,10,3,30,2,4,30,6,1,0.7225187862452013,0.6422423447125533,4242,2.46
m30f1_h30b2z4,m30f1_h30b2z4_s0,0,"alloc,chip",30,1,30,2,4,30,6,1,0.6299309299191375,0.5386395878203226,4242,1.66
m30f1_h30b2z4,m30f1_h30b2z4_s1,1,"alloc,chip",30,1,30,2,4,30,6,1,0.6783953381524136,0.5723850256000207,4242,2.31
m30f1_h30b2z4,m30f1_h30b2z4_s2,2,"alloc,chip",30,1,30,2,4,30,6,1,0.6689611410601977,0.5305229196490369,4242,2.32
m30f1_h128b4z8,m30f1_h128b4z8_s0,0,dim,30,1,128,4,8,30,170,25,0.6446035285469247,0.5466667311503459,111158,2.84
m30f1_h128b4z8,m30f1_h128b4z8_s1,1,dim,30,1,128,4,8,30,170,25,0.6359069468267581,0.5380239836297434,111158,3.82
m30f1_h128b4z8,m30f1_h128b4z8_s2,2,dim,30,1,128,4,8,30,170,25,0.6572049130115167,0.5657193476831014,111158,3.83
m16f1_h30b2z4,m16f1_h30b2z4_s0,0,chip,16,1,30,2,4,16,6,1,0.6951955198889161,0.5677842762996685,3388,2.14
m16f1_h30b2z4,m16f1_h30b2z4_s1,1,chip,16,1,30,2,4,16,6,1,0.5654760373274524,0.5263796283160732,3388,2.4
m16f1_h30b2z4,m16f1_h30b2z4_s2,2,chip,16,1,30,2,4,16,6,1,0.635025902556563,0.5607000993048659,3388,2.43
m16f1_h128b4z8,m16f1_h128b4z8_s0,0,dim,16,1,128,4,8,16,170,25,0.6345793616760598,0.5500909219876449,107560,2.83
m16f1_h128b4z8,m16f1_h128b4z8_s1,1,dim,16,1,128,4,8,16,170,25,0.6413267479375969,0.5458488094163367,107560,3.84
m16f1_h128b4z8,m16f1_h128b4z8_s2,2,dim,16,1,128,4,8,16,170,25,0.638706781426121,0.5477649956795936,107560,3.97
