preset,arch,n,n_seeds,n_chips,auc_mean,auc_std,auc_min,pauc_mean,pauc_std,vs_v11_mean,vs_v11_std
fs,none,30,3,10,0.7239221613030575,0.017478044344494154,0.6885876317079147,0.6081696433049462,0.008004401523850813,0.00104154414767621,0.017957963105163264
fs,per_layer,30,3,10,0.7167997282460726,0.010214474695735415,0.6891634913828308,0.5982387895123744,0.005290539475301027,-0.01648163048953144,0.01698514072410863
fs_crelu,none,30,3,10,0.7244041030248577,0.025337895646627785,0.6718703544882789,0.5983007422071474,0.020022545052240645,0.0015234858694763709,0.02293951458498537
fs_crelu,per_layer,30,3,10,0.7202499564376923,0.007786427670421638,0.7047252920035939,0.5992545722510966,0.0056881472283020805,-0.01303140229791174,0.012516294595213452
fs_crelu_abs0.01,none,30,3,10,0.7047118557543085,0.03784503936773966,0.6162994568324757,0.597807071280259,0.018209690097964013,-0.018168761401072746,0.033246756753825484
fs_crelu_abs0.01,per_layer,30,3,10,0.7256358054942961,0.01356784624521207,0.7019821939067222,0.6029949803038185,0.006941010380046825,-0.007645553241307927,0.02204340412618627
fs_crelu_abs0.03,none,30,3,10,0.7185387969996461,0.010048167362772881,0.6995433921424488,0.5996264173870927,0.0072772663653942,-0.004341820155735217,0.007097421167629706
fs_crelu_abs0.03,per_layer,30,3,10,0.7214742494010182,0.0077291001207930735,0.7021744976721391,0.5981002660310009,0.004294655801183882,-0.011807109334585694,0.01740727718312769
fs_crelu_abs0.1,none,30,3,10,0.72593424797163,0.021311438123223427,0.6847055562362168,0.6022257777806438,0.004449388764047718,0.0030536308162486905,0.0212624598229166
fs_crelu_abs0.1,per_layer,30,3,10,0.7025559193688911,0.00976984965586095,0.6828271563342319,0.5904764967736665,0.007685820372803615,-0.030725439366712903,0.02168321125866108
fs_crelu_abs0.3,none,30,3,10,0.7153020932029187,0.04112893094587279,0.6533240627297232,0.5856064797499753,0.03162477972717932,-0.0075785239524626125,0.04850715279258012
fs_crelu_abs0.3,per_layer,30,3,10,0.7371518592256799,0.007591666077309758,0.723382167360941,0.5966999187505643,0.0033920705948686024,0.0038705004900760156,0.014776218417039041
fs_crelu_prop,none,30,3,10,0.702267974046394,0.01794700446955976,0.6735489259168506,0.5783357908779955,0.011749488761351859,-0.020612643108987472,0.0028511643745903923
fs_crelu_prop,per_layer,30,3,10,0.7182849495630156,0.00998904515551563,0.7015719696969697,0.5868551990324582,0.003958242953309358,-0.01499640917258834,0.023823080866062194
fs_crelu_shot,none,30,3,10,0.7096634600724223,0.022647629162446233,0.6586577738299436,0.5929165341168816,0.014581095221675154,-0.013217157082958972,0.02170205902693105
fs_crelu_shot,per_layer,30,3,10,0.7175580304391626,0.01832253621038742,0.6854521052846525,0.5947363531040293,0.00869852473737645,-0.01572332829644152,0.03369565581300912
fs_tanh_abs0.03,none,30,3,10,0.7266400790247488,0.015432049912663365,0.694928050722862,0.6026895569398053,0.006077439872200379,0.0037594618693674864,0.005157248305299931
fs_b4,none,30,3,10,0.6837991782719377,0.018763089771886652,0.646536755697133,0.5934323928030483,0.01344339045389369,-0.039081438883443585,0.01747099515367875
fs_b4_c,none,30,3,10,0.7229577447316834,0.016015445283630234,0.6897087315200523,0.6075323618508822,0.009042953399518171,7.71275763021088e-05,0.015368524888414586
fs_c,none,30,3,10,0.7170195938495466,0.011195326130916707,0.6935886935391653,0.6073796895755684,0.004234855976141414,-0.005861023305834601,0.014677894281744135
