preset,arch,seed,da_full_scale,ad_full_scale,da_clip_rate
fs,none,0,52.33028793334961,52.60702896118164,0.0013433332787826657
fs,none,1,52.33995056152344,52.646751403808594,0.0013433332787826657
fs,none,2,52.21442413330078,52.600006103515625,0.001411666627973318
fs,per_layer,0,52.33028793334961,52.42292022705078,0.0013433332787826657
fs,per_layer,1,52.33995056152344,52.49583053588867,0.0013433332787826657
fs,per_layer,2,52.21442413330078,52.63589859008789,0.001411666627973318
fs_crelu,none,0,52.33028793334961,52.6624870300293,0.0013433332787826657
fs_crelu,none,1,52.33995056152344,52.72042465209961,0.0013433332787826657
fs_crelu,none,2,52.21442413330078,52.56304931640625,0.001411666627973318
fs_crelu,per_layer,0,52.33028793334961,52.593284606933594,0.0013433332787826657
fs_crelu,per_layer,1,52.33995056152344,52.62865447998047,0.0013433332787826657
fs_crelu,per_layer,2,52.21442413330078,52.58049011230469,0.001411666627973318
fs_crelu_abs0.01,none,0,52.33028793334961,52.357627868652344,0.0013433332787826657
fs_crelu_abs0.01,none,1,52.33995056152344,52.252777099609375,0.0013433332787826657
fs_crelu_abs0.01,none,2,52.21442413330078,52.20229721069336,0.001411666627973318
fs_crelu_abs0.01,per_layer,0,52.33028793334961,52.18598175048828,0.0013433332787826657
fs_crelu_abs0.01,per_layer,1,52.33995056152344,52.5449104309082,0.0013433332787826657
fs_crelu_abs0.01,per_layer,2,52.21442413330078,52.36534118652344,0.001411666627973318
fs_crelu_abs0.03,none,0,52.33028793334961,52.29184341430664,0.0013433332787826657
fs_crelu_abs0.03,none,1,52.33995056152344,52.2757568359375,0.0013433332787826657
fs_crelu_abs0.03,none,2,52.21442413330078,52.351009368896484,0.001411666627973318
fs_crelu_abs0.03,per_layer,0,52.33028793334961,52.26285934448242,0.0013433332787826657
fs_crelu_abs0.03,per_layer,1,52.33995056152344,52.39784240722656,0.0013433332787826657
fs_crelu_abs0.03,per_layer,2,52.21442413330078,52.287105560302734,0.001411666627973318
fs_crelu_abs0.1,none,0,52.33028793334961,52.45337677001953,0.0013433332787826657
fs_crelu_abs0.1,none,1,52.33995056152344,52.40929412841797,0.0013433332787826657
fs_crelu_abs0.1,none,2,52.21442413330078,52.06180191040039,0.001411666627973318
fs_crelu_abs0.1,per_layer,0,52.33028793334961,52.335628509521484,0.0013433332787826657
fs_crelu_abs0.1,per_layer,1,52.33995056152344,52.32155227661133,0.0013433332787826657
fs_crelu_abs0.1,per_layer,2,52.21442413330078,52.207576751708984,0.001411666627973318
fs_crelu_abs0.3,none,0,52.33028793334961,52.15886688232422,0.0013433332787826657
fs_crelu_abs0.3,none,1,52.33995056152344,52.25935745239258,0.0013433332787826657
fs_crelu_abs0.3,none,2,52.21442413330078,52.35121536254883,0.001411666627973318
fs_crelu_abs0.3,per_layer,0,52.33028793334961,52.41547775268555,0.0013433332787826657
fs_crelu_abs0.3,per_layer,1,52.33995056152344,52.10490798950195,0.0013433332787826657
fs_crelu_abs0.3,per_layer,2,52.21442413330078,52.449134826660156,0.001411666627973318
fs_crelu_prop,none,0,52.33028793334961,52.967247009277344,0.0013433332787826657
fs_crelu_prop,none,1,52.33995056152344,53.44047927856445,0.0013433332787826657
fs_crelu_prop,none,2,52.21442413330078,53.350955963134766,0.001411666627973318
fs_crelu_prop,per_layer,0,52.33028793334961,53.407493591308594,0.0013433332787826657
fs_crelu_prop,per_layer,1,52.33995056152344,53.4835205078125,0.0013433332787826657
fs_crelu_prop,per_layer,2,52.21442413330078,53.41746520996094,0.001411666627973318
fs_crelu_shot,none,0,52.33028793334961,52.37441635131836,0.0013433332787826657
fs_crelu_shot,none,1,52.33995056152344,52.41761779785156,0.0013433332787826657
fs_crelu_shot,none,2,52.21442413330078,52.39891815185547,0.001411666627973318
fs_crelu_shot,per_layer,0,52.33028793334961,52.307281494140625,0.0013433332787826657
fs_crelu_shot,per_layer,1,52.33995056152344,52.40647888183594,0.0013433332787826657
fs_crelu_shot,per_layer,2,52.21442413330078,52.362857818603516,0.001411666627973318
fs_tanh_abs0.03,none,0,52.33028793334961,52.373329162597656,0.0013433332787826657
fs_tanh_abs0.03,none,1,52.33995056152344,52.30821990966797,0.0013433332787826657
fs_tanh_abs0.03,none,2,52.21442413330078,52.277923583984375,0.001411666627973318
fs_b4,none,0,52.33028793334961,52.44265365600586,0.0013433332787826657
fs_b4,none,1,52.33995056152344,52.24144744873047,0.0013433332787826657
fs_b4,none,2,52.21442413330078,52.27454376220703,0.001411666627973318
fs_b4_c,none,0,14.544842720031738,13.661206245422363,0.001158333383500576
fs_b4_c,none,1,14.395057678222656,13.633564949035645,0.0012799999676644802
fs_b4_c,none,2,14.432361602783203,13.602503776550293,0.0012483333703130484
fs_c,none,0,14.544842720031738,13.663268089294434,0.001158333383500576
fs_c,none,1,14.395057678222656,13.428375244140625,0.0012799999676644802
fs_c,none,2,14.432361602783203,13.619283676147461,0.0012483333703130484
