preset,arch,seed,run_name,chip,trial,auc,pauc,auc_id1,auc_id2,auc_id3,auc_id4
fs,none,0,v2_fs_none_s0,0,0,0.7061409172588419,0.595355079379409,0.7008008658008659,0.7397735849056604,0.611266846361186,0.7727223719676551
fs,none,0,v2_fs_none_s0,1,0,0.6945898778894062,0.5953712002992042,0.6709848484848484,0.7808625336927224,0.585045822102426,0.741466307277628
fs,none,0,v2_fs_none_s0,2,0,0.7278546516376705,0.6080564296676512,0.7030735930735931,0.7822749326145553,0.6399892183288409,0.7860808625336928
fs,none,0,v2_fs_none_s0,3,0,0.6917546353018051,0.6023027659199457,0.6741991341991342,0.7657466307277628,0.5502964959568732,0.77677628032345
fs,none,0,v2_fs_none_s0,4,0,0.7221248979008414,0.6098335461294746,0.7181060606060605,0.7857035040431268,0.5969811320754718,0.7877088948787063
fs,none,0,v2_fs_none_s0,5,0,0.6956427652536143,0.5966535119961138,0.7127597402597403,0.7531859838274932,0.5691536388140161,0.7474716981132075
fs,none,0,v2_fs_none_s0,6,0,0.6885876317079147,0.5962855251335887,0.7028896103896104,0.7435471698113209,0.5707061994609164,0.7372075471698114
fs,none,0,v2_fs_none_s0,7,0,0.7236929469901168,0.6085670329339644,0.7516666666666668,0.784722371967655,0.5785552560646899,0.7798274932614555
fs,none,0,v2_fs_none_s0,8,0,0.7195102609654496,0.6109443312397632,0.729448051948052,0.796420485175202,0.5711590296495958,0.7810134770889487
fs,none,0,v2_fs_none_s0,9,0,0.738578391734052,0.6094048908721202,0.7473809523809524,0.7582318059299191,0.6662425876010781,0.7824582210242588
fs,none,1,v2_fs_none_s1,0,0,0.739656252552479,0.61307933212104,0.7413419913419914,0.7957304582210243,0.613811320754717,0.8077412398921834
fs,none,1,v2_fs_none_s1,1,0,0.7394072020746549,0.6232995653800023,0.7573484848484848,0.7827385444743937,0.6232021563342318,0.7943396226415094
fs,none,1,v2_fs_none_s1,2,0,0.7371489933022951,0.6156892015630844,0.703647186147186,0.7916981132075471,0.6400000000000001,0.8132506738544475
fs,none,1,v2_fs_none_s1,3,0,0.7419453361104303,0.6104172308988596,0.722056277056277,0.7993207547169812,0.6537250673854447,0.7926792452830188
fs,none,1,v2_fs_none_s1,4,0,0.7534090500694274,0.6223467115473074,0.7135930735930736,0.8069541778975741,0.6616819407008087,0.8314070080862533
fs,none,1,v2_fs_none_s1,5,0,0.7523591542105692,0.6225361860913003,0.7407034632034633,0.7697358490566037,0.6692291105121294,0.8297681940700807
fs,none,1,v2_fs_none_s1,6,0,0.7254022298456261,0.5990722410657863,0.7120779220779221,0.7539730458221025,0.6462425876010781,0.7893153638814017
fs,none,1,v2_fs_none_s1,7,0,0.7328839438863024,0.5998615750353585,0.745551948051948,0.7649056603773585,0.6279029649595687,0.7931752021563341
fs,none,1,v2_fs_none_s1,8,0,0.7473770930327535,0.6179857877971086,0.7454329004329004,0.7868571428571429,0.6274716981132076,0.8297466307277629
fs,none,1,v2_fs_none_s1,9,0,0.7377205750224618,0.6117570942794378,0.7438095238095237,0.7803557951482482,0.6272560646900269,0.7994609164420485
fs,none,2,v2_fs_none_s2,0,0,0.7060339479702689,0.5994135746742499,0.7159848484848486,0.7536927223719677,0.5801617250673854,0.7742964959568733
fs,none,2,v2_fs_none_s2,1,0,0.7238791145960958,0.6107693117871866,0.7175757575757576,0.7826954177897574,0.6126792452830189,0.7825660377358491
fs,none,2,v2_fs_none_s2,2,0,0.7343480151923549,0.6155508840712416,0.7146103896103897,0.7829541778975742,0.6497466307277627,0.7900808625336928
fs,none,2,v2_fs_none_s2,3,0,0.7259098770726129,0.611497010106742,0.7387554112554112,0.7744474393530996,0.6188355795148248,0.7716010781671158
fs,none,2,v2_fs_none_s2,4,0,0.7232348689046803,0.6086981497482987,0.7203896103896105,0.7536388140161726,0.630576819407008,0.78833423180593
fs,none,2,v2_fs_none_s2,5,0,0.7265348056032019,0.6078246645773955,0.715465367965368,0.7824690026954179,0.6047331536388141,0.8034716981132075
fs,none,2,v2_fs_none_s2,6,0,0.7059253961447358,0.5996168057364681,0.709491341991342,0.7500592991913747,0.5951698113207546,0.7689811320754717
fs,none,2,v2_fs_none_s2,7,0,0.721211978273299,0.6069844959740689,0.7332683982683982,0.7553962264150943,0.6163018867924529,0.7798814016172506
fs,none,2,v2_fs_none_s2,8,0,0.7183630339786,0.6090871475429569,0.7448160173160173,0.7869541778975742,0.6183935309973045,0.723288409703504
fs,none,2,v2_fs_none_s2,9,0,0.7164369946091644,0.6068280155792569,0.7232142857142856,0.7698328840970351,0.6215202156334232,0.7511805929919138
fs,per_layer,0,v2_fs_per_layer_s0,0,0,0.7192107122437311,0.6012667818775068,0.7233549783549783,0.7765175202156335,0.6027169811320754,0.7742533692722371
fs,per_layer,0,v2_fs_per_layer_s0,1,0,0.7143437270276893,0.5973036149550549,0.7214935064935065,0.7824474393530998,0.5875256064690026,0.7659083557951483
fs,per_layer,0,v2_fs_per_layer_s0,2,0,0.7242620477007269,0.6001604568883616,0.7063419913419913,0.784722371967655,0.612021563342318,0.7939622641509434
fs,per_layer,0,v2_fs_per_layer_s0,3,0,0.6891634913828308,0.5856161630491322,0.6961580086580086,0.7370781671159029,0.5805929919137467,0.7428247978436657
fs,per_layer,0,v2_fs_per_layer_s0,4,0,0.7199069264069263,0.6010655390620634,0.7241991341991341,0.7751051212938005,0.6049380053908355,0.7753854447439353
fs,per_layer,0,v2_fs_per_layer_s0,5,0,0.7154703708241443,0.5993826762446425,0.6957359307359308,0.7680107816711591,0.6133477088948787,0.7847870619946092
fs,per_layer,0,v2_fs_per_layer_s0,6,0,0.6925216654414768,0.5851560182617779,0.692965367965368,0.7436226415094339,0.5860269541778975,0.7474716981132075
fs,per_layer,0,v2_fs_per_layer_s0,7,0,0.7157597708894878,0.6023474746041777,0.7282142857142857,0.7813477088948787,0.5851967654986523,0.7682803234501348
fs,per_layer,0,v2_fs_per_layer_s0,8,0,0.7154494915461898,0.5977905742056685,0.7278896103896103,0.7725283018867926,0.5959676549865229,0.765412398921833
fs,per_layer,0,v2_fs_per_layer_s0,9,0,0.7071272666013231,0.5919787139375023,0.7120454545454544,0.7540377358490566,0.5862318059299191,0.7761940700808625
fs,per_layer,1,v2_fs_per_layer_s1,0,0,0.7275804847668055,0.6020989437573351,0.7267424242424244,0.7789973045822103,0.6065983827493261,0.7979838274932615
fs,per_layer,1,v2_fs_per_layer_s1,1,0,0.7203114228538755,0.5987602475313498,0.7186796536796536,0.7792129380053907,0.5982641509433961,0.7850889487870619
fs,per_layer,1,v2_fs_per_layer_s1,2,0,0.7316846565384301,0.6015886091730183,0.7285930735930737,0.7727115902964958,0.6220592991913747,0.8033746630727763
fs,per_layer,1,v2_fs_per_layer_s1,3,0,0.7208197337253941,0.6006938981243847,0.7203463203463203,0.7818652291105121,0.5935849056603774,0.7874824797843666
fs,per_layer,1,v2_fs_per_layer_s1,4,0,0.7343084109286939,0.6106743595695929,0.7326298701298701,0.7863288409703504,0.6048517520215634,0.8134231805929918
fs,per_layer,1,v2_fs_per_layer_s1,5,0,0.7327542983745814,0.6046741532218196,0.7366991341991342,0.7842048517520215,0.6177466307277628,0.792366576819407
fs,per_layer,1,v2_fs_per_layer_s1,6,0,0.717310922567998,0.5924831375178943,0.729577922077922,0.7617574123989218,0.5996873315363881,0.7782210242587602
fs,per_layer,1,v2_fs_per_layer_s1,7,0,0.7240140794739851,0.6031880730986987,0.7206385281385281,0.776312668463612,0.6014555256064691,0.7976495956873315
fs,per_layer,1,v2_fs_per_layer_s1,8,0,0.7201776065915216,0.5974850290391502,0.7239772727272727,0.7669433962264152,0.5918814016172507,0.7979083557951482
fs,per_layer,1,v2_fs_per_layer_s1,9,0,0.7163674855019194,0.5988473542346433,0.7181060606060606,0.7664690026954177,0.5910296495956873,0.7898652291105122
fs,per_layer,2,v2_fs_per_layer_s2,0,0,0.718804469901168,0.6005421465327125,0.735595238095238,0.7704797843665768,0.5920323450134771,0.7771105121293801
fs,per_layer,2,v2_fs_per_layer_s2,1,0,0.7168746426529446,0.5998076774268433,0.7385497835497836,0.7700592991913747,0.5897142857142857,0.7691752021563344
fs,per_layer,2,v2_fs_per_layer_s2,2,0,0.7256315853957364,0.6015190205359024,0.7294805194805195,0.7779407008086254,0.6117520215633423,0.7833530997304581
fs,per_layer,2,v2_fs_per_layer_s2,3,0,0.7089173405211141,0.5957719126289136,0.7095238095238096,0.7682911051212938,0.595956873315364,0.7618975741239892
fs,per_layer,2,v2_fs_per_layer_s2,4,0,0.7256633688638405,0.6018367101286665,0.7345995670995671,0.7783611859838275,0.5943396226415094,0.7953530997304582
fs,per_layer,2,v2_fs_per_layer_s2,5,0,0.7128631564975904,0.5968296061766767,0.7092316017316016,0.7827816711590296,0.588388140161725,0.7710512129380054
fs,per_layer,2,v2_fs_per_layer_s2,6,0,0.7045576758147513,0.5918575383570418,0.7282792207792208,0.7663935309973046,0.5809811320754716,0.742576819407008
fs,per_layer,2,v2_fs_per_layer_s2,7,0,0.7126193539165238,0.5975734791524265,0.7250865800865801,0.7733261455525607,0.5838382749326145,0.7682264150943396
fs,per_layer,2,v2_fs_per_layer_s2,8,0,0.7105011333006616,0.5928229127707777,0.7226298701298701,0.7635579514824797,0.5978221024258761,0.7579946091644204
fs,per_layer,2,v2_fs_per_layer_s2,9,0,0.7090145491301151,0.5960408633074968,0.7268506493506494,0.7661455525606469,0.5717951482479784,0.7712668463611859
fs_crelu,none,0,v2_fs_crelu_none_s0,0,0,0.7265086988483215,0.5988776615638582,0.7192207792207793,0.7304474393530997,0.6519245283018867,0.8044420485175202
fs_crelu,none,0,v2_fs_crelu_none_s0,1,0,0.6978885996079391,0.5628958223173715,0.7362012987012987,0.7330026954177898,0.5400646900269541,0.7822857142857143
fs_crelu,none,0,v2_fs_crelu_none_s0,2,0,0.7023718247161643,0.581772828297158,0.6884199134199134,0.7651428571428571,0.5538867924528302,0.8020377358490566
fs_crelu,none,0,v2_fs_crelu_none_s0,3,0,0.6874086620926243,0.5444386588254513,0.6988961038961039,0.7595363881401617,0.5439460916442048,0.7472560646900269
fs_crelu,none,0,v2_fs_crelu_none_s0,4,0,0.6831163624111737,0.5586193721868995,0.6747727272727273,0.7217142857142858,0.57744474393531,0.7585336927223719
fs_crelu,none,0,v2_fs_crelu_none_s0,5,0,0.7183697418933268,0.592370667234123,0.6547835497835497,0.7460377358490566,0.6587169811320754,0.8139407008086254
fs_crelu,none,0,v2_fs_crelu_none_s0,6,0,0.6736910275259331,0.5789527957973837,0.6582034632034632,0.7317520215633423,0.5303827493261456,0.7744258760107816
fs_crelu,none,0,v2_fs_crelu_none_s0,7,0,0.7113391631952952,0.5890773245291616,0.7195129870129869,0.7659838274932614,0.5727331536388139,0.7871266846361186
fs_crelu,none,0,v2_fs_crelu_none_s0,8,0,0.7131856264804379,0.5929774586552143,0.7310497835497836,0.7653153638814016,0.5672237196765498,0.7891536388140163
fs_crelu,none,0,v2_fs_crelu_none_s0,9,0,0.6718703544882789,0.5674930787517679,0.6654329004329004,0.7226846361185983,0.5400862533692723,0.759277628032345
fs_crelu,none,1,v2_fs_crelu_none_s1,0,0,0.7408947357673774,0.6222405284222563,0.756991341991342,0.8395256064690028,0.5514285714285715,0.8156334231805931
fs_crelu,none,1,v2_fs_crelu_none_s1,1,0,0.7323373152005228,0.6030084860521803,0.7146969696969696,0.7562156334231807,0.6575525606469004,0.8008840970350404
fs_crelu,none,1,v2_fs_crelu_none_s1,2,0,0.7530976578452993,0.6082037211381799,0.7578030303030303,0.8106091644204853,0.6353315363881401,0.8086469002695417
fs_crelu,none,1,v2_fs_crelu_none_s1,3,0,0.7597331025892348,0.6134099721860398,0.7313744588744588,0.7815094339622642,0.6707169811320755,0.8553315363881401
fs_crelu,none,1,v2_fs_crelu_none_s1,4,0,0.734391693212448,0.5950313175735221,0.7580519480519481,0.788291105121294,0.5671913746630728,0.8240323450134771
fs_crelu,none,1,v2_fs_crelu_none_s1,5,0,0.7334756391407335,0.5985269778219133,0.7098917748917749,0.7480107816711591,0.6483342318059299,0.8276657681940701
fs_crelu,none,1,v2_fs_crelu_none_s1,6,0,0.7407241484930165,0.5987608923681416,0.7247402597402598,0.8016927223719678,0.6489164420485174,0.7875471698113208
fs_crelu,none,1,v2_fs_crelu_none_s1,7,0,0.7144583231234174,0.5949747868814403,0.7515367965367965,0.7561832884097034,0.5929595687331536,0.7571536388140162
fs_crelu,none,1,v2_fs_crelu_none_s1,8,0,0.7635483643714776,0.6252406853325424,0.7126948051948052,0.8074609164420485,0.6697466307277629,0.8642911051212938
fs_crelu,none,1,v2_fs_crelu_none_s1,9,0,0.7503918769909336,0.6219557255058745,0.7582467532467533,0.7752021563342317,0.6398814016172506,0.8282371967654987
fs_crelu,none,2,v2_fs_crelu_none_s2,0,0,0.698606193334967,0.5973663253330581,0.7168506493506495,0.7382210242587601,0.5473962264150943,0.7919568733153639
fs_crelu,none,2,v2_fs_crelu_none_s2,1,0,0.7154718716817773,0.6049182239475189,0.7744696969696969,0.803288409703504,0.5140592991913747,0.7700700808625336
fs_crelu,none,2,v2_fs_crelu_none_s2,2,0,0.730868312505105,0.6155250905995693,0.7461255411255411,0.7590943396226415,0.6131428571428571,0.8051105121293801
fs_crelu,none,2,v2_fs_crelu_none_s2,3,0,0.752274942824471,0.6071516699123451,0.7114393939393939,0.8202911051212938,0.655277628032345,0.8220916442048518
fs_crelu,none,2,v2_fs_crelu_none_s2,4,0,0.7485912153883851,0.617733387929515,0.7266883116883116,0.7925175202156334,0.6339946091644204,0.8411644204851753
fs_crelu,none,2,v2_fs_crelu_none_s2,5,0,0.7395552866944376,0.6171749592678093,0.7343181818181818,0.8018652291105122,0.6093477088948787,0.812690026954178
fs_crelu,none,2,v2_fs_crelu_none_s2,6,0,0.7115360716327698,0.5981640959173233,0.7510930735930736,0.773477088948787,0.5603557951482481,0.7612183288409704
fs_crelu,none,2,v2_fs_crelu_none_s2,7,0,0.7381276137384628,0.6121011147078674,0.7409848484848485,0.7998382749326145,0.6151159029649595,0.7965714285714286
fs_crelu,none,2,v2_fs_crelu_none_s2,8,0,0.7468285755125378,0.6119701053663318,0.7611471861471862,0.790587601078167,0.666533692722372,0.7690458221024259
fs_crelu,none,2,v2_fs_crelu_none_s2,9,0,0.741460089438863,0.6180885317926033,0.7619805194805195,0.7737681940700808,0.6349973045822102,0.7950943396226415
fs_crelu,per_layer,0,v2_fs_crelu_per_layer_s0,0,0,0.7047252920035939,0.5895450998852191,0.6859523809523809,0.7654555256064689,0.6092506738544475,0.7582425876010782
fs_crelu,per_layer,0,v2_fs_crelu_per_layer_s0,1,0,0.7151064792126112,0.5966036446175472,0.7300108225108225,0.7702964959568733,0.5973800539083558,0.7627385444743934
fs_crelu,per_layer,0,v2_fs_crelu_per_layer_s0,2,0,0.7261421730784938,0.6004179617138902,0.733560606060606,0.7829110512129382,0.6202156334231805,0.7678814016172507
fs_crelu,per_layer,0,v2_fs_crelu_per_layer_s0,3,0,0.714794944049661,0.5958291418941866,0.7254978354978355,0.7721078167115903,0.5987061994609164,0.7628679245283019
fs_crelu,per_layer,0,v2_fs_crelu_per_layer_s0,4,0,0.7272128767458956,0.6019632593490587,0.7370779220779221,0.7737789757412399,0.6067385444743936,0.791256064690027
fs_crelu,per_layer,0,v2_fs_crelu_per_layer_s0,5,0,0.7250911132892266,0.6002063477733786,0.7394372294372294,0.7749541778975741,0.6080754716981133,0.7778975741239893
fs_crelu,per_layer,0,v2_fs_crelu_per_layer_s0,6,0,0.7283246651147595,0.5999445440359045,0.7298593073593074,0.7817250673854448,0.6290997304582211,0.7726145552560647
fs_crelu,per_layer,0,v2_fs_crelu_per_layer_s0,7,0,0.7128905905415339,0.5962975083506366,0.7097402597402598,0.7620700808625338,0.5928840970350404,0.7868679245283019
fs_crelu,per_layer,0,v2_fs_crelu_per_layer_s0,8,0,0.7190862125296087,0.59624291216893,0.7228138528138528,0.7700053908355795,0.6114609164420485,0.7720646900269541
fs_crelu,per_layer,0,v2_fs_crelu_per_layer_s0,9,0,0.7264766907620682,0.6013012806458685,0.7367207792207793,0.7943396226415094,0.6073099730458221,0.7675363881401619
fs_crelu,per_layer,1,v2_fs_crelu_per_layer_s1,0,0,0.7193389896267255,0.60258815993672,0.7107575757575757,0.7813908355795148,0.6061671159029649,0.7790404312668464
fs_crelu,per_layer,1,v2_fs_crelu_per_layer_s1,1,0,0.7216043453401945,0.599642867890137,0.732034632034632,0.7622210242587601,0.5975849056603774,0.7945768194070081
fs_crelu,per_layer,1,v2_fs_crelu_per_layer_s1,2,0,0.7217204320836397,0.602614222090389,0.71508658008658,0.7828787061994609,0.6014339622641509,0.7874824797843665
fs_crelu,per_layer,1,v2_fs_crelu_per_layer_s1,3,0,0.7326363432165319,0.6069300072651612,0.7373809523809524,0.7921401617250674,0.6098544474393531,0.7911698113207548
fs_crelu,per_layer,1,v2_fs_crelu_per_layer_s1,4,0,0.7348245017561055,0.6112141954371348,0.7311147186147187,0.7841617250673854,0.6314824797843666,0.7925390835579516
fs_crelu,per_layer,1,v2_fs_crelu_per_layer_s1,5,0,0.7323270338152414,0.6099897041058908,0.7237987012987014,0.7812830188679245,0.6253369272237197,0.7988894878706201
fs_crelu,per_layer,1,v2_fs_crelu_per_layer_s1,6,0,0.7271005778812383,0.6016461071202879,0.7323268398268397,0.7860269541778976,0.600355795148248,0.7896927223719676
fs_crelu,per_layer,1,v2_fs_crelu_per_layer_s1,7,0,0.7199245180919709,0.5987886740865886,0.7257034632034631,0.7736495956873316,0.6042048517520215,0.7761401617250674
fs_crelu,per_layer,1,v2_fs_crelu_per_layer_s1,8,0,0.7243854957935146,0.6042553317255402,0.7343398268398269,0.7837304582210243,0.5899514824797844,0.7895202156334232
fs_crelu,per_layer,1,v2_fs_crelu_per_layer_s1,9,0,0.7222581781426121,0.6056051363399924,0.7279545454545454,0.7808194070080863,0.5992776280323451,0.7809811320754717
fs_crelu,per_layer,2,v2_fs_crelu_per_layer_s2,0,0,0.7201877603528548,0.5966153054161991,0.7390259740259741,0.781056603773585,0.5920539083557952,0.7686145552560648
fs_crelu,per_layer,2,v2_fs_crelu_per_layer_s2,1,0,0.7087513783386425,0.5888537811080016,0.7507467532467532,0.75344474393531,0.5776280323450135,0.7531859838274932
fs_crelu,per_layer,2,v2_fs_crelu_per_layer_s2,2,0,0.7191726598872825,0.5952138601220032,0.7173051948051946,0.7677412398921832,0.6246469002695417,0.7669973045822103
fs_crelu,per_layer,2,v2_fs_crelu_per_layer_s2,3,0,0.7198156293392143,0.6009661267233264,0.735995670995671,0.7820916442048518,0.566857142857143,0.7943180592991913
fs_crelu,per_layer,2,v2_fs_crelu_per_layer_s2,4,0,0.7219117863268806,0.596854056238366,0.7407792207792208,0.784388140161725,0.5845929919137466,0.7778867924528302
fs_crelu,per_layer,2,v2_fs_crelu_per_layer_s2,5,0,0.7215699787633751,0.6039210375853872,0.7384632034632035,0.7821024258760109,0.5932614555256065,0.7724528301886793
fs_crelu,per_layer,2,v2_fs_crelu_per_layer_s2,6,0,0.7060272094257943,0.5875349286595563,0.6716991341991342,0.7703504043126685,0.6060269541778975,0.7760323450134772
fs_crelu,per_layer,2,v2_fs_crelu_per_layer_s2,7,0,0.715762200849465,0.6001462167425425,0.7079329004329004,0.7997628032345012,0.5743288409703503,0.781024258760108
fs_crelu,per_layer,2,v2_fs_crelu_per_layer_s2,8,0,0.7077689802336029,0.5917980521629975,0.686547619047619,0.7766361185983828,0.5874393530997305,0.7804528301886793
fs_crelu,per_layer,2,v2_fs_crelu_per_layer_s2,9,0,0.71055965653843,0.5941076963420557,0.7189502164502165,0.767676549865229,0.5938005390835579,0.7618113207547169
fs_crelu_abs0.01,none,0,v2_fs_crelu_abs0.01_none_s0,0,0,0.6973108613085027,0.6006649342051527,0.7180844155844156,0.7827493261455525,0.5523234501347709,0.7360862533692721
fs_crelu_abs0.01,none,0,v2_fs_crelu_abs0.01_none_s0,1,0,0.7107964040676306,0.5956013532974804,0.7327597402597403,0.753811320754717,0.6037628032345014,0.7528517520215634
fs_crelu_abs0.01,none,0,v2_fs_crelu_abs0.01_none_s0,2,0,0.7449275504369844,0.6184736068301113,0.7860606060606061,0.8230943396226416,0.647611859838275,0.7229433962264151
fs_crelu_abs0.01,none,0,v2_fs_crelu_abs0.01_none_s0,3,0,0.7068882116311361,0.6051546641045151,0.7557900432900433,0.787256064690027,0.5856064690026954,0.698900269541779
fs_crelu_abs0.01,none,0,v2_fs_crelu_abs0.01_none_s0,4,0,0.6828732438944702,0.5823608657148875,0.6627813852813852,0.7395579514824798,0.5914716981132075,0.7376819407008086
fs_crelu_abs0.01,none,0,v2_fs_crelu_abs0.01_none_s0,5,0,0.7194009433962264,0.6037619241070086,0.785,0.73088948787062,0.5783935309973045,0.7833207547169811
fs_crelu_abs0.01,none,0,v2_fs_crelu_abs0.01_none_s0,6,0,0.7017446193743364,0.5958273148566098,0.7178679653679654,0.7865876010781672,0.5667924528301886,0.7357304582210243
fs_crelu_abs0.01,none,0,v2_fs_crelu_abs0.01_none_s0,7,0,0.7226598770726129,0.6119626360068267,0.7451839826839827,0.7783719676549864,0.6004204851752022,0.7666630727762802
fs_crelu_abs0.01,none,0,v2_fs_crelu_abs0.01_none_s0,8,0,0.7129382708486482,0.6077962380221567,0.765995670995671,0.8010134770889488,0.5521725067385446,0.7325714285714285
fs_crelu_abs0.01,none,0,v2_fs_crelu_abs0.01_none_s0,9,0,0.6829725149064773,0.5847910406376147,0.6880086580086581,0.7263611859838276,0.588377358490566,0.7291428571428571
fs_crelu_abs0.01,none,1,v2_fs_crelu_abs0.01_none_s1,0,0,0.6641100526831659,0.5830590090148183,0.6509415584415585,0.8184150943396227,0.5883450134770889,0.5987385444743936
fs_crelu_abs0.01,none,1,v2_fs_crelu_abs0.01_none_s1,1,0,0.699016846361186,0.5972827652321198,0.7349999999999999,0.7894986522911052,0.5846253369272237,0.6869433962264151
fs_crelu_abs0.01,none,1,v2_fs_crelu_abs0.01_none_s1,2,0,0.6674312260066977,0.5853760150805831,0.6713852813852813,0.7671051212938005,0.6124959568733154,0.6187385444743935
fs_crelu_abs0.01,none,1,v2_fs_crelu_abs0.01_none_s1,3,0,0.6903390610961366,0.60196315187626,0.7251190476190477,0.742177897574124,0.5907061994609164,0.7033530997304582
fs_crelu_abs0.01,none,1,v2_fs_crelu_abs0.01_none_s1,4,0,0.6455350098015192,0.571383110434749,0.6842532467532467,0.7711266846361187,0.5054231805929918,0.6213369272237197
fs_crelu_abs0.01,none,1,v2_fs_crelu_abs0.01_none_s1,5,0,0.6700949930572573,0.5613821216850016,0.7464069264069265,0.7119460916442049,0.5805498652291106,0.6414770889487871
fs_crelu_abs0.01,none,1,v2_fs_crelu_abs0.01_none_s1,6,0,0.6709745058400719,0.5916410881405916,0.6672619047619048,0.7962156334231806,0.5674932614555256,0.6529272237196766
fs_crelu_abs0.01,none,1,v2_fs_crelu_abs0.01_none_s1,7,0,0.6695268622886547,0.57838318996462,0.6956168831168832,0.7766684636118598,0.5414123989218329,0.6644097035040432
fs_crelu_abs0.01,none,1,v2_fs_crelu_abs0.01_none_s1,8,0,0.6584047619047619,0.5754459583779346,0.6661904761904762,0.7900377358490566,0.5511913746630728,0.6261994609164421
fs_crelu_abs0.01,none,1,v2_fs_crelu_abs0.01_none_s1,9,0,0.6162994568324757,0.561491099102817,0.605995670995671,0.6794609164420485,0.5384582210242588,0.6412830188679245
fs_crelu_abs0.01,none,2,v2_fs_crelu_abs0.01_none_s2,0,0,0.747111226823491,0.6268397731034275,0.79504329004329,0.8669433962264153,0.541832884097035,0.7846253369272237
fs_crelu_abs0.01,none,2,v2_fs_crelu_abs0.01_none_s2,1,0,0.7517543494241608,0.6140324008993324,0.791038961038961,0.8007439353099731,0.6382857142857143,0.7769487870619947
fs_crelu_abs0.01,none,2,v2_fs_crelu_abs0.01_none_s2,2,0,0.748430337744017,0.6205007587579583,0.7647294372294371,0.8178975741239891,0.623967654986523,0.7871266846361186
fs_crelu_abs0.01,none,2,v2_fs_crelu_abs0.01_none_s2,3,0,0.7320994854202402,0.6181081993147535,0.6997402597402597,0.8063288409703504,0.6239245283018868,0.7984043126684636
fs_crelu_abs0.01,none,2,v2_fs_crelu_abs0.01_none_s2,4,0,0.7482734930164175,0.6097542312040822,0.7584740259740259,0.8074393530997305,0.6424690026954177,0.784711590296496
fs_crelu_abs0.01,none,2,v2_fs_crelu_abs0.01_none_s2,5,0,0.7536754676141468,0.6202452959156037,0.795995670995671,0.8287331536388141,0.6058544474393531,0.7841185983827492
fs_crelu_abs0.01,none,2,v2_fs_crelu_abs0.01_none_s2,6,0,0.6810308441558441,0.5772126499782905,0.6984090909090909,0.7335525606469003,0.5699407008086254,0.7222210242587601
fs_crelu_abs0.01,none,2,v2_fs_crelu_abs0.01_none_s2,7,0,0.766492597810994,0.6182848308593095,0.7907251082251082,0.8018975741239892,0.6574663072776281,0.8158814016172508
fs_crelu_abs0.01,none,2,v2_fs_crelu_abs0.01_none_s2,8,0,0.749838867107735,0.6095062377212328,0.79491341991342,0.8194501347708896,0.5910835579514824,0.7939083557951483
fs_crelu_abs0.01,none,2,v2_fs_crelu_abs0.01_none_s2,9,0,0.728403730703259,0.6059256739619203,0.7650974025974027,0.8147169811320755,0.555277628032345,0.778522911051213
fs_crelu_abs0.01,per_layer,0,v2_fs_crelu_abs0.01_per_layer_s0,0,0,0.7054323695172753,0.5950739305381808,0.7154545454545455,0.7799029649595688,0.5764743935309974,0.7498975741239893
fs_crelu_abs0.01,per_layer,0,v2_fs_crelu_abs0.01_per_layer_s0,1,0,0.7121765294453973,0.5983135368438248,0.7328354978354977,0.7764420485175202,0.5978221024258761,0.7416064690026954
fs_crelu_abs0.01,per_layer,0,v2_fs_crelu_abs0.01_per_layer_s0,2,0,0.7193792064853385,0.6030405129461733,0.7533874458874459,0.7915471698113208,0.6018975741239891,0.7306846361185984
fs_crelu_abs0.01,per_layer,0,v2_fs_crelu_abs0.01_per_layer_s0,3,0,0.7128989116229683,0.5937088110499232,0.7385606060606061,0.769433962264151,0.5926253369272236,0.7509757412398921
fs_crelu_abs0.01,per_layer,0,v2_fs_crelu_abs0.01_per_layer_s0,4,0,0.7191099199542595,0.6058557091700091,0.7393722943722945,0.7848301886792451,0.5839245283018868,0.7683126684636119
fs_crelu_abs0.01,per_layer,0,v2_fs_crelu_abs0.01_per_layer_s0,5,0,0.7341764579759863,0.6020378454713111,0.7527597402597404,0.8005714285714285,0.6236981132075472,0.7596765498652291
fs_crelu_abs0.01,per_layer,0,v2_fs_crelu_abs0.01_per_layer_s0,6,0,0.7149628971657274,0.5964777402339467,0.7435281385281387,0.7703396226415095,0.5928840970350404,0.753099730458221
fs_crelu_abs0.01,per_layer,0,v2_fs_crelu_abs0.01_per_layer_s0,7,0,0.7019821939067222,0.5889737744876772,0.7525541125541124,0.7733153638814017,0.5529380053908356,0.7291212938005391
fs_crelu_abs0.01,per_layer,0,v2_fs_crelu_abs0.01_per_layer_s0,8,0,0.7065343563669033,0.5961149120657561,0.7521320346320346,0.7865552560646899,0.5487870619946091,0.7386630727762802
fs_crelu_abs0.01,per_layer,0,v2_fs_crelu_abs0.01_per_layer_s0,9,0,0.7141956117781589,0.5923117184040719,0.7302056277056277,0.7836226415094341,0.6048840970350404,0.7380700808625337
fs_crelu_abs0.01,per_layer,1,v2_fs_crelu_abs0.01_per_layer_s1,0,0,0.7255274544637752,0.6028027831155935,0.7419588744588743,0.7989973045822103,0.5972183288409704,0.7639353099730459
fs_crelu_abs0.01,per_layer,1,v2_fs_crelu_abs0.01_per_layer_s1,1,0,0.7370833843829127,0.6088702674353121,0.7541017316017316,0.7990296495956872,0.6209595687331536,0.7742425876010782
fs_crelu_abs0.01,per_layer,1,v2_fs_crelu_abs0.01_per_layer_s1,2,0,0.7366199052519808,0.6057090087998728,0.7628138528138528,0.8030404312668463,0.5976927223719677,0.7829326145552561
fs_crelu_abs0.01,per_layer,1,v2_fs_crelu_abs0.01_per_layer_s1,3,0,0.7517007167360942,0.6128161849735833,0.7827597402597404,0.7960862533692722,0.6384690026954178,0.7894878706199461
fs_crelu_abs0.01,per_layer,1,v2_fs_crelu_abs0.01_per_layer_s1,4,0,0.7421659519725557,0.6139136434568411,0.7244805194805194,0.8107277628032346,0.6410242587601078,0.7924312668463611
fs_crelu_abs0.01,per_layer,1,v2_fs_crelu_abs0.01_per_layer_s1,5,0,0.7457868577962918,0.6153866118985285,0.7826406926406927,0.8065876010781672,0.6153854447439353,0.778533692722372
fs_crelu_abs0.01,per_layer,1,v2_fs_crelu_abs0.01_per_layer_s1,6,0,0.7473440333251654,0.6160746527553875,0.7503896103896104,0.8107493261455526,0.6243665768194071,0.8038706199460917
fs_crelu_abs0.01,per_layer,1,v2_fs_crelu_abs0.01_per_layer_s1,7,0,0.7315251980723678,0.6049231676962561,0.7395670995670995,0.7966900269541777,0.6244851752021563,0.7653584905660378
fs_crelu_abs0.01,per_layer,1,v2_fs_crelu_abs0.01_per_layer_s1,8,0,0.7417329188107491,0.604848312892007,0.7626082251082251,0.7927547169811321,0.6340700808625337,0.7774986522911052
fs_crelu_abs0.01,per_layer,1,v2_fs_crelu_abs0.01_per_layer_s1,9,0,0.7164966715674264,0.6025868165267371,0.75504329004329,0.7649164420485175,0.5799245283018868,0.7661024258760107
fs_crelu_abs0.01,per_layer,2,v2_fs_crelu_abs0.01_per_layer_s2,0,0,0.7214787429551579,0.5965061130527863,0.7217532467532466,0.7846361185983828,0.6098113207547169,0.7697142857142858
fs_crelu_abs0.01,per_layer,2,v2_fs_crelu_abs0.01_per_layer_s2,1,0,0.7360951564159111,0.6061308395345137,0.7608658008658009,0.7834932614555256,0.624010781671159,0.776010781671159
fs_crelu_abs0.01,per_layer,2,v2_fs_crelu_abs0.01_per_layer_s2,2,0,0.7286000469656129,0.6055753126383713,0.7474783549783549,0.7965929919137467,0.6034501347708894,0.7668787061994609
fs_crelu_abs0.01,per_layer,2,v2_fs_crelu_abs0.01_per_layer_s2,3,0,0.7180794637752185,0.6021406432032053,0.7128030303030303,0.7897681940700809,0.5967870619946092,0.7729595687331536
fs_crelu_abs0.01,per_layer,2,v2_fs_crelu_abs0.01_per_layer_s2,4,0,0.7295575839255084,0.6057443673506236,0.753896103896104,0.7955902964959569,0.6068355795148248,0.7619083557951483
fs_crelu_abs0.01,per_layer,2,v2_fs_crelu_abs0.01_per_layer_s2,5,0,0.7320826594788858,0.606203168727995,0.741904761904762,0.7846145552560646,0.605843665768194,0.7959676549865229
fs_crelu_abs0.01,per_layer,2,v2_fs_crelu_abs0.01_per_layer_s2,6,0,0.7065763905905416,0.593873351904633,0.7281168831168832,0.7782425876010783,0.5794609164420486,0.7404851752021563
fs_crelu_abs0.01,per_layer,2,v2_fs_crelu_abs0.01_per_layer_s2,7,0,0.7304192497753819,0.604577535175847,0.7386904761904762,0.7812506738544476,0.626199460916442,0.7755363881401618
fs_crelu_abs0.01,per_layer,2,v2_fs_crelu_abs0.01_per_layer_s2,8,0,0.7338052866944378,0.6100534892118805,0.7478896103896104,0.7990512129380055,0.6198274932614555,0.7684528301886793
fs_crelu_abs0.01,per_layer,2,v2_fs_crelu_abs0.01_per_layer_s2,9,0,0.7155480376541699,0.5992046475537042,0.7323484848484849,0.7973261455525607,0.5775202156334232,0.7549973045822103
fs_crelu_abs0.03,none,0,v2_fs_crelu_abs0.03_none_s0,0,0,0.7176254900759618,0.5947381855152462,0.7801623376623377,0.793067385444744,0.5573477088948786,0.7399245283018868
fs_crelu_abs0.03,none,0,v2_fs_crelu_abs0.03_none_s0,1,0,0.6995433921424488,0.5956368730574292,0.7502813852813852,0.7884636118598383,0.5204204851752021,0.7390080862533692
fs_crelu_abs0.03,none,0,v2_fs_crelu_abs0.03_none_s0,2,0,0.7169818467695827,0.5888128339717218,0.7293290043290044,0.7851967654986522,0.6070404312668465,0.7463611859838274
fs_crelu_abs0.03,none,0,v2_fs_crelu_abs0.03_none_s0,3,0,0.6999449175038798,0.5866181856872026,0.7216125541125541,0.752043126684636,0.5936280323450135,0.7324959568733154
fs_crelu_abs0.03,none,0,v2_fs_crelu_abs0.03_none_s0,4,0,0.7292315302621906,0.6030881771323678,0.7397077922077921,0.8089703504043126,0.6038167115902965,0.7644312668463612
fs_crelu_abs0.03,none,0,v2_fs_crelu_abs0.03_none_s0,5,0,0.7346234889324512,0.5990277473271515,0.7780411255411255,0.785800539083558,0.6206576819407008,0.7539946091644205
fs_crelu_abs0.03,none,0,v2_fs_crelu_abs0.03_none_s0,6,0,0.7104435187454056,0.5972342412635362,0.7872727272727272,0.761433962264151,0.556010781671159,0.7370566037735848
fs_crelu_abs0.03,none,0,v2_fs_crelu_abs0.03_none_s0,7,0,0.7134981622151434,0.5911605772578961,0.7423376623376625,0.7659946091644205,0.5898652291105121,0.7557951482479784
fs_crelu_abs0.03,none,0,v2_fs_crelu_abs0.03_none_s0,8,0,0.7055603099730459,0.5902951525468905,0.7596428571428571,0.7846684636118598,0.548743935309973,0.7291859838274933
fs_crelu_abs0.03,none,0,v2_fs_crelu_abs0.03_none_s0,9,0,0.722960017969452,0.5978160452589449,0.7519047619047619,0.8040862533692723,0.6015094339622642,0.7343396226415095
fs_crelu_abs0.03,none,1,v2_fs_crelu_abs0.03_none_s1,0,0,0.718463244302867,0.601064625543275,0.7681818181818182,0.7988247978436658,0.5358059299191376,0.7710404312668463
fs_crelu_abs0.03,none,1,v2_fs_crelu_abs0.03_none_s1,1,0,0.7333526709139917,0.6044570581685775,0.7624025974025973,0.8002803234501348,0.6016172506738544,0.76911051212938
fs_crelu_abs0.03,none,1,v2_fs_crelu_abs0.03_none_s1,2,0,0.7279483276157804,0.5982276123413164,0.7537987012987013,0.7886361185983829,0.5867061994609164,0.7826522911051214
fs_crelu_abs0.03,none,1,v2_fs_crelu_abs0.03_none_s1,3,0,0.729951431430205,0.6050646556356587,0.748517316017316,0.7939299191374664,0.6004743935309973,0.7768840970350404
fs_crelu_abs0.03,none,1,v2_fs_crelu_abs0.03_none_s1,4,0,0.7203839336763865,0.5991229682267418,0.7469696969696971,0.7892506738544475,0.5990835579514825,0.7462318059299192
fs_crelu_abs0.03,none,1,v2_fs_crelu_abs0.03_none_s1,5,0,0.730010628522421,0.6003123159528323,0.7198376623376623,0.7878382749326146,0.6285390835579515,0.7838274932614556
fs_crelu_abs0.03,none,1,v2_fs_crelu_abs0.03_none_s1,6,0,0.704504247325002,0.5869249130545059,0.7373593073593073,0.7413369272237196,0.6003773584905661,0.7389433962264151
fs_crelu_abs0.03,none,1,v2_fs_crelu_abs0.03_none_s1,7,0,0.7103045720003267,0.5922573909043621,0.7399891774891775,0.7680862533692723,0.5565822102425876,0.7765606469002695
fs_crelu_abs0.03,none,1,v2_fs_crelu_abs0.03_none_s1,8,0,0.7255227579024749,0.5975215160542866,0.7798376623376624,0.7712991913746631,0.5951051212938006,0.7558490566037736
fs_crelu_abs0.03,none,1,v2_fs_crelu_abs0.03_none_s1,9,0,0.7234731275014293,0.5957428949732823,0.7700865800865802,0.791978436657682,0.5675795148247977,0.7642479784366577
fs_crelu_abs0.03,none,2,v2_fs_crelu_abs0.03_none_s2,0,0,0.71961555582782,0.6070698293761849,0.7353463203463203,0.7939838274932615,0.6050026954177897,0.7441293800539085
fs_crelu_abs0.03,none,2,v2_fs_crelu_abs0.03_none_s2,1,0,0.7254567814261211,0.6066769088243765,0.7470454545454546,0.7860053908355795,0.637412398921833,0.7313638814016175
fs_crelu_abs0.03,none,2,v2_fs_crelu_abs0.03_none_s2,2,0,0.7182675610552969,0.6052787414505388,0.7664718614718615,0.774921832884097,0.5900161725067385,0.7416603773584906
fs_crelu_abs0.03,none,2,v2_fs_crelu_abs0.03_none_s2,3,0,0.7240844257943315,0.6120775244285671,0.7609199134199134,0.7830188679245284,0.6050350404312669,0.7473638814016172
fs_crelu_abs0.03,none,2,v2_fs_crelu_abs0.03_none_s2,4,0,0.7158427366658499,0.6114279050972198,0.7504437229437229,0.7814986522911052,0.5712991913746631,0.7601293800539084
fs_crelu_abs0.03,none,2,v2_fs_crelu_abs0.03_none_s2,5,0,0.7203717634566691,0.6098583186095599,0.7397835497835498,0.778587601078167,0.5846145552560646,0.778501347708895
fs_crelu_abs0.03,none,2,v2_fs_crelu_abs0.03_none_s2,6,0,0.7075868863840562,0.5986667999329369,0.7563852813852814,0.7784690026954177,0.5874285714285714,0.708064690026954
fs_crelu_abs0.03,none,2,v2_fs_crelu_abs0.03_none_s2,7,0,0.7022326329331047,0.5981525963278694,0.7180194805194805,0.7484959568733154,0.583956873315364,0.7584582210242589
fs_crelu_abs0.03,none,2,v2_fs_crelu_abs0.03_none_s2,8,0,0.7317686330964632,0.6136398565023192,0.757608225108225,0.7984905660377359,0.6368517520215633,0.7341239892183289
fs_crelu_abs0.03,none,2,v2_fs_crelu_abs0.03_none_s2,9,0,0.7166093175692232,0.6008200711899818,0.7373051948051947,0.768366576819407,0.626878706199461,0.7338867924528303
fs_crelu_abs0.03,per_layer,0,v2_fs_crelu_abs0.03_per_layer_s0,0,0,0.7211547210650985,0.5970687331536388,0.7554329004329005,0.7809487870619947,0.5854339622641509,0.7628032345013477
fs_crelu_abs0.03,per_layer,0,v2_fs_crelu_abs0.03_per_layer_s0,1,0,0.7166662174303684,0.5932725789602652,0.7233333333333334,0.7877628032345013,0.588355795148248,0.7672129380053909
fs_crelu_abs0.03,per_layer,0,v2_fs_crelu_abs0.03_per_layer_s0,2,0,0.7218926427346238,0.5967101501609943,0.740487012987013,0.7804528301886793,0.6046900269541778,0.7619407008086253
fs_crelu_abs0.03,per_layer,0,v2_fs_crelu_abs0.03_per_layer_s0,3,0,0.7132548190802909,0.5926330620719895,0.7386796536796536,0.781380053908356,0.5661347708894879,0.766824797843666
fs_crelu_abs0.03,per_layer,0,v2_fs_crelu_abs0.03_per_layer_s0,4,0,0.7256383851997059,0.5977061005859416,0.7395454545454545,0.7837412398921833,0.6085498652291106,0.7707169811320755
fs_crelu_abs0.03,per_layer,0,v2_fs_crelu_abs0.03_per_layer_s0,5,0,0.7246137078330475,0.6004195200694704,0.7448160173160174,0.7840431266846362,0.5979838274932615,0.7716118598382748
fs_crelu_abs0.03,per_layer,0,v2_fs_crelu_abs0.03_per_layer_s0,6,0,0.7117876337498978,0.5940642235950081,0.7448917748917749,0.7774016172506738,0.5730997304582209,0.7517574123989218
fs_crelu_abs0.03,per_layer,0,v2_fs_crelu_abs0.03_per_layer_s0,7,0,0.7165543473821775,0.5935906447078245,0.7418939393939394,0.7855525606469003,0.5971536388140162,0.7416172506738544
fs_crelu_abs0.03,per_layer,0,v2_fs_crelu_abs0.03_per_layer_s0,8,0,0.7175120477007271,0.5946394180133009,0.73991341991342,0.7885175202156335,0.5913423180592993,0.7502749326145552
fs_crelu_abs0.03,per_layer,0,v2_fs_crelu_abs0.03_per_layer_s0,9,0,0.7021744976721391,0.5912783674451997,0.7363961038961039,0.7776280323450135,0.5704905660377358,0.7241832884097035
fs_crelu_abs0.03,per_layer,1,v2_fs_crelu_abs0.03_per_layer_s1,0,0,0.7197089969778648,0.5981263192286033,0.7543939393939394,0.7879999999999998,0.5837951482479784,0.7526469002695416
fs_crelu_abs0.03,per_layer,1,v2_fs_crelu_abs0.03_per_layer_s1,1,0,0.7303240116801437,0.5988425179587047,0.7463095238095239,0.7923665768194069,0.6031913746630727,0.7794285714285715
fs_crelu_abs0.03,per_layer,1,v2_fs_crelu_abs0.03_per_layer_s1,2,0,0.7261081281140245,0.5972316081799697,0.7360443722943724,0.7969487870619947,0.6033423180592993,0.7680970350404313
fs_crelu_abs0.03,per_layer,1,v2_fs_crelu_abs0.03_per_layer_s1,3,0,0.7217735644858287,0.5980403409896955,0.7342640692640692,0.7791051212938006,0.5980053908355795,0.7757196765498653
fs_crelu_abs0.03,per_layer,1,v2_fs_crelu_abs0.03_per_layer_s1,4,0,0.7252567998039696,0.6002734645361258,0.7350649350649351,0.7965822102425877,0.5990727762803234,0.7703072776280323
fs_crelu_abs0.03,per_layer,1,v2_fs_crelu_abs0.03_per_layer_s1,5,0,0.7343917136322796,0.5997556605923041,0.7380735930735931,0.7910188679245282,0.6100700808625337,0.7984043126684637
fs_crelu_abs0.03,per_layer,1,v2_fs_crelu_abs0.03_per_layer_s1,6,0,0.7106826247651719,0.5924666404433038,0.746439393939394,0.785088948787062,0.5722156334231806,0.7389865229110512
fs_crelu_abs0.03,per_layer,1,v2_fs_crelu_abs0.03_per_layer_s1,7,0,0.7204849403740914,0.5986663700417424,0.7368939393939393,0.7913099730458221,0.5855309973045824,0.7682048517520215
fs_crelu_abs0.03,per_layer,1,v2_fs_crelu_abs0.03_per_layer_s1,8,0,0.7341420607694191,0.5979946650502758,0.7362987012987012,0.7908355795148247,0.6340592991913746,0.7753746630727762
fs_crelu_abs0.03,per_layer,1,v2_fs_crelu_abs0.03_per_layer_s1,9,0,0.7197351343624929,0.5954456789486581,0.7306709956709956,0.7837196765498652,0.6004528301886793,0.7640970350404314
fs_crelu_abs0.03,per_layer,2,v2_fs_crelu_abs0.03_per_layer_s2,0,0,0.727249918320673,0.6044077818904036,0.7477705627705628,0.7882911051212939,0.5870404312668464,0.7858975741239892
fs_crelu_abs0.03,per_layer,2,v2_fs_crelu_abs0.03_per_layer_s2,1,0,0.7171510659152169,0.5946104540940688,0.7287012987012986,0.782576819407008,0.6139730458221024,0.7433530997304583
fs_crelu_abs0.03,per_layer,2,v2_fs_crelu_abs0.03_per_layer_s2,2,0,0.7240429633259822,0.6030590520039378,0.7426839826839826,0.797067385444744,0.6017466307277628,0.7546738544474393
fs_crelu_abs0.03,per_layer,2,v2_fs_crelu_abs0.03_per_layer_s2,3,0,0.7290540104549539,0.6038210341462575,0.7372510822510823,0.7945660377358492,0.614943396226415,0.769455525606469
fs_crelu_abs0.03,per_layer,2,v2_fs_crelu_abs0.03_per_layer_s2,4,0,0.7299406701788778,0.6073036364496146,0.748538961038961,0.7954609164420486,0.5930566037735849,0.7827061994609165
fs_crelu_abs0.03,per_layer,2,v2_fs_crelu_abs0.03_per_layer_s2,5,0,0.7350577881238258,0.6079784581522417,0.7612554112554113,0.7990835579514824,0.6109541778975741,0.7689380053908356
fs_crelu_abs0.03,per_layer,2,v2_fs_crelu_abs0.03_per_layer_s2,6,0,0.7107287940047375,0.5948444761130958,0.7296645021645023,0.7807870619946093,0.5766576819407008,0.7558059299191375
fs_crelu_abs0.03,per_layer,2,v2_fs_crelu_abs0.03_per_layer_s2,7,0,0.7171997978436658,0.5962725746613531,0.7432142857142856,0.7838598382749326,0.5984690026954177,0.7432560646900271
fs_crelu_abs0.03,per_layer,2,v2_fs_crelu_abs0.03_per_layer_s2,8,0,0.723999366985216,0.6028032667431873,0.7479004329004328,0.79311051212938,0.5970673854447439,0.7579191374663072
fs_crelu_abs0.03,per_layer,2,v2_fs_crelu_abs0.03_per_layer_s2,9,0,0.7159461120640367,0.5996811819428502,0.7428787878787879,0.7904474393530997,0.5772830188679245,0.7531752021563343
fs_crelu_abs0.1,none,0,v2_fs_crelu_abs0.1_none_s0,0,0,0.7088661377930247,0.6002956039326446,0.7181060606060605,0.7753423180592992,0.616733153638814,0.7252830188679246
fs_crelu_abs0.1,none,0,v2_fs_crelu_abs0.1_none_s0,1,0,0.6903950726946011,0.5982840355605996,0.7159199134199135,0.7753962264150943,0.5817250673854447,0.6885390835579515
fs_crelu_abs0.1,none,0,v2_fs_crelu_abs0.1_none_s0,2,0,0.7041368945519888,0.6017474539694003,0.727965367965368,0.7933045822102426,0.600377358490566,0.694900269541779
fs_crelu_abs0.1,none,0,v2_fs_crelu_abs0.1_none_s0,3,0,0.6944322061586212,0.5977393634171192,0.7038528138528137,0.763989218328841,0.5906415094339622,0.7192452830188679
fs_crelu_abs0.1,none,0,v2_fs_crelu_abs0.1_none_s0,4,0,0.7072343481989708,0.6022690194611744,0.7198376623376623,0.7749433962264152,0.6081832884097035,0.7259730458221024
fs_crelu_abs0.1,none,0,v2_fs_crelu_abs0.1_none_s0,5,0,0.7129310115984644,0.6043575920934412,0.7325865800865801,0.7853153638814017,0.6124636118598382,0.7213584905660377
fs_crelu_abs0.1,none,0,v2_fs_crelu_abs0.1_none_s0,6,0,0.7013696602139998,0.5989860478812813,0.7118398268398267,0.7840646900269541,0.6058867924528302,0.7036873315363881
fs_crelu_abs0.1,none,0,v2_fs_crelu_abs0.1_none_s0,7,0,0.6983008658008658,0.6020480016507822,0.7246320346320346,0.7864150943396226,0.5713962264150944,0.7107601078167116
fs_crelu_abs0.1,none,0,v2_fs_crelu_abs0.1_none_s0,8,0,0.7027510618312505,0.6018870611348268,0.7075541125541125,0.7812075471698112,0.6063827493261456,0.7158598382749326
fs_crelu_abs0.1,none,0,v2_fs_crelu_abs0.1_none_s0,9,0,0.6847055562362168,0.5962531758211996,0.7107467532467533,0.762900269541779,0.5763018867924529,0.6888733153638815
fs_crelu_abs0.1,none,1,v2_fs_crelu_abs0.1_none_s1,0,0,0.73309004124806,0.6008437689420807,0.7354437229437228,0.7887654986522912,0.6152560646900269,0.7928948787061995
fs_crelu_abs0.1,none,1,v2_fs_crelu_abs0.1_none_s1,1,0,0.7224502470799641,0.5974358602337748,0.7429761904761905,0.793757412398922,0.5942641509433962,0.7588032345013477
fs_crelu_abs0.1,none,1,v2_fs_crelu_abs0.1_none_s1,2,0,0.726635465163767,0.5998144482131573,0.7307359307359308,0.7953854447439352,0.5988571428571428,0.7815633423180592
fs_crelu_abs0.1,none,1,v2_fs_crelu_abs0.1_none_s1,3,0,0.7293848576737727,0.6009072316296745,0.7436634199134199,0.8034609164420485,0.6118598382749325,0.75855525606469
fs_crelu_abs0.1,none,1,v2_fs_crelu_abs0.1_none_s1,4,0,0.7343727946581721,0.6019151115352704,0.7351623376623377,0.7987601078167116,0.6193638814016172,0.7842048517520216
fs_crelu_abs0.1,none,1,v2_fs_crelu_abs0.1_none_s1,5,0,0.7313127705627707,0.6027766672255253,0.7286796536796538,0.8010997304582211,0.6090673854447439,0.7864043126684637
fs_crelu_abs0.1,none,1,v2_fs_crelu_abs0.1_none_s1,6,0,0.7180971677693375,0.5956100048577704,0.7372835497835497,0.7951374663072778,0.5855956873315364,0.7543719676549865
fs_crelu_abs0.1,none,1,v2_fs_crelu_abs0.1_none_s1,7,0,0.7289665421056931,0.5959375282116096,0.7388203463203463,0.788733153638814,0.6132291105121295,0.7750835579514824
fs_crelu_abs0.1,none,1,v2_fs_crelu_abs0.1_none_s1,8,0,0.726674038225925,0.5969590034262329,0.7373376623376623,0.7903504043126686,0.6128517520215634,0.766156334231806
fs_crelu_abs0.1,none,1,v2_fs_crelu_abs0.1_none_s1,9,0,0.7258345074736585,0.5963910096854487,0.7360064935064935,0.7939407008086254,0.5989110512129381,0.7744797843665768
fs_crelu_abs0.1,none,2,v2_fs_crelu_abs0.1_none_s2,0,0,0.7535449848893245,0.6084187204718486,0.7433982683982684,0.7848625336927224,0.6440323450134771,0.8418867924528303
fs_crelu_abs0.1,none,2,v2_fs_crelu_abs0.1_none_s2,1,0,0.752606979498489,0.6057750508346338,0.7291125541125543,0.7917412398921833,0.6418544474393532,0.8477196765498652
fs_crelu_abs0.1,none,2,v2_fs_crelu_abs0.1_none_s2,2,0,0.7513760822510823,0.6091027310987589,0.741504329004329,0.7912237196765499,0.6309757412398922,0.841800539083558
fs_crelu_abs0.1,none,2,v2_fs_crelu_abs0.1_none_s2,3,0,0.748904282038716,0.6057222279541048,0.7442532467532468,0.7738652291105121,0.6357520215633423,0.8417466307277628
fs_crelu_abs0.1,none,2,v2_fs_crelu_abs0.1_none_s2,4,0,0.7558497610879686,0.6109318106587223,0.7436038961038961,0.7811644204851752,0.6450350404312668,0.8535956873315363
fs_crelu_abs0.1,none,2,v2_fs_crelu_abs0.1_none_s2,5,0,0.7451983582455282,0.6052913695043785,0.7216883116883117,0.7835902964959569,0.6349649595687331,0.8405498652291106
fs_crelu_abs0.1,none,2,v2_fs_crelu_abs0.1_none_s2,6,0,0.7407885526423262,0.6054774586552143,0.7330086580086581,0.7703827493261455,0.6152237196765499,0.8445390835579515
fs_crelu_abs0.1,none,2,v2_fs_crelu_abs0.1_none_s2,7,0,0.7490039614473576,0.6092215422776496,0.747056277056277,0.7812830188679245,0.6385552560646901,0.829121293800539
fs_crelu_abs0.1,none,2,v2_fs_crelu_abs0.1_none_s2,8,0,0.7516056215796783,0.6080020484315419,0.7391017316017315,0.7895309973045823,0.6312884097035041,0.8465013477088948
fs_crelu_abs0.1,none,2,v2_fs_crelu_abs0.1_none_s2,9,0,0.7472076084293066,0.6063723846494453,0.7314935064935064,0.7800431266846363,0.6341563342318058,0.8431374663072776
fs_crelu_abs0.1,per_layer,0,v2_fs_crelu_abs0.1_per_layer_s0,0,0,0.6913882422608839,0.5850599913161978,0.7115367965367966,0.7678598382749326,0.5683234501347709,0.717832884097035
fs_crelu_abs0.1,per_layer,0,v2_fs_crelu_abs0.1_per_layer_s0,1,0,0.6916063771134525,0.5874561510981571,0.7113311688311689,0.7790943396226415,0.575299191374663,0.7007008086253368
fs_crelu_abs0.1,per_layer,0,v2_fs_crelu_abs0.1_per_layer_s0,2,0,0.7050166625827002,0.5915620418971959,0.7233766233766233,0.7866091644204851,0.5918921832884096,0.7181886792452831
fs_crelu_abs0.1,per_layer,0,v2_fs_crelu_abs0.1_per_layer_s0,3,0,0.6980090255656293,0.587228040083055,0.7338528138528139,0.7666469002695417,0.5782318059299191,0.7133045822102426
fs_crelu_abs0.1,per_layer,0,v2_fs_crelu_abs0.1_per_layer_s0,4,0,0.7057885730621579,0.5909601404884424,0.7130303030303029,0.7911159029649597,0.5981239892183289,0.7208840970350404
fs_crelu_abs0.1,per_layer,0,v2_fs_crelu_abs0.1_per_layer_s0,5,0,0.7100865596667483,0.5893491232369088,0.726038961038961,0.7788679245283019,0.6078490566037735,0.7275902964959569
fs_crelu_abs0.1,per_layer,0,v2_fs_crelu_abs0.1_per_layer_s0,6,0,0.6879791717716247,0.5859540037916403,0.7122077922077923,0.769433962264151,0.5855094339622642,0.6847654986522911
fs_crelu_abs0.1,per_layer,0,v2_fs_crelu_abs0.1_per_layer_s0,7,0,0.6975521726700973,0.589112790552711,0.7224458874458874,0.7754177897574125,0.5856495956873315,0.7066954177897575
fs_crelu_abs0.1,per_layer,0,v2_fs_crelu_abs0.1_per_layer_s0,8,0,0.6896575492117945,0.5819674077990861,0.7084307359307359,0.7598274932614554,0.5872129380053909,0.7031590296495956
fs_crelu_abs0.1,per_layer,0,v2_fs_crelu_abs0.1_per_layer_s0,9,0,0.6955279955893163,0.5843198798884003,0.7168181818181818,0.7826199460916443,0.5801293800539084,0.702544474393531
fs_crelu_abs0.1,per_layer,1,v2_fs_crelu_abs0.1_per_layer_s1,0,0,0.7059365657926979,0.5839292700017625,0.7327597402597403,0.7715040431266845,0.6098975741239892,0.7095849056603775
fs_crelu_abs0.1,per_layer,1,v2_fs_crelu_abs0.1_per_layer_s1,1,0,0.6987465490484359,0.5840819351122231,0.6884848484848485,0.7884743935309974,0.5902964959568733,0.7277304582210243
fs_crelu_abs0.1,per_layer,1,v2_fs_crelu_abs0.1_per_layer_s1,2,0,0.7097628440741649,0.5907672805512925,0.7257575757575758,0.7755040431266846,0.6049595687331537,0.7328301886792453
fs_crelu_abs0.1,per_layer,1,v2_fs_crelu_abs0.1_per_layer_s1,3,0,0.6940633218982275,0.5809430845552991,0.709978354978355,0.7764959568733153,0.5806576819407008,0.7091212938005389
fs_crelu_abs0.1,per_layer,1,v2_fs_crelu_abs0.1_per_layer_s1,4,0,0.7093186923139754,0.5872399695637034,0.7063852813852814,0.7844420485175202,0.6121617250673854,0.7342857142857142
fs_crelu_abs0.1,per_layer,1,v2_fs_crelu_abs0.1_per_layer_s1,5,0,0.7025624030057992,0.5863555759037388,0.7275757575757575,0.7839137466307278,0.5870080862533693,0.7117520215633423
fs_crelu_abs0.1,per_layer,1,v2_fs_crelu_abs0.1_per_layer_s1,6,0,0.6939079678183451,0.5839502271974963,0.7195887445887446,0.7755579514824797,0.5766792452830188,0.7038059299191375
fs_crelu_abs0.1,per_layer,1,v2_fs_crelu_abs0.1_per_layer_s1,7,0,0.6956580597075881,0.581775192698728,0.7061147186147188,0.7685175202156334,0.5915579514824797,0.7164420485175202
fs_crelu_abs0.1,per_layer,1,v2_fs_crelu_abs0.1_per_layer_s1,8,0,0.6998539165237279,0.5859986587394731,0.7194372294372295,0.7903719676549864,0.5862641509433961,0.7033423180592993
fs_crelu_abs0.1,per_layer,1,v2_fs_crelu_abs0.1_per_layer_s1,9,0,0.6828271563342319,0.5780142358469071,0.699642857142857,0.7645822102425877,0.5709973045822101,0.6960862533692722
fs_crelu_abs0.1,per_layer,2,v2_fs_crelu_abs0.1_per_layer_s2,0,0,0.710743149146451,0.5972896434912324,0.7220238095238095,0.7932614555256065,0.6039137466307277,0.7237735849056603
fs_crelu_abs0.1,per_layer,2,v2_fs_crelu_abs0.1_per_layer_s2,1,0,0.7131281242342564,0.5989919051488068,0.7215259740259741,0.7913207547169812,0.6026091644204853,0.7370566037735851
fs_crelu_abs0.1,per_layer,2,v2_fs_crelu_abs0.1_per_layer_s2,2,0,0.721498192844891,0.6048736227360856,0.7395129870129868,0.7998490566037737,0.6139622641509435,0.7326684636118598
fs_crelu_abs0.1,per_layer,2,v2_fs_crelu_abs0.1_per_layer_s2,3,0,0.7052164093767868,0.5984932850995413,0.7151082251082251,0.7903504043126686,0.6016388140161725,0.713768194070081
fs_crelu_abs0.1,per_layer,2,v2_fs_crelu_abs0.1_per_layer_s2,4,0,0.7168230927877155,0.6055302815357433,0.732478354978355,0.7873423180592992,0.613477088948787,0.7339946091644205
fs_crelu_abs0.1,per_layer,2,v2_fs_crelu_abs0.1_per_layer_s2,5,0,0.7206374560973617,0.6034931346376232,0.7271320346320347,0.7938113207547169,0.6267277628032345,0.7348787061994609
fs_crelu_abs0.1,per_layer,2,v2_fs_crelu_abs0.1_per_layer_s2,6,0,0.6957075880094749,0.5911588039567186,0.7243290043290043,0.7748140161725068,0.5911159029649595,0.6925714285714285
fs_crelu_abs0.1,per_layer,2,v2_fs_crelu_abs0.1_per_layer_s2,7,0,0.7112113860981786,0.600643977009419,0.7297835497835498,0.7822318059299191,0.618210242587601,0.7146199460916443
fs_crelu_abs0.1,per_layer,2,v2_fs_crelu_abs0.1_per_layer_s2,8,0,0.7078991566609492,0.5982990280160091,0.7245346320346321,0.7808840970350406,0.6041725067385444,0.7220053908355795
fs_crelu_abs0.1,per_layer,2,v2_fs_crelu_abs0.1_per_layer_s2,9,0,0.7085632197990688,0.5994962212564,0.7084415584415584,0.799611859838275,0.5823827493261455,0.7438167115902965
fs_crelu_abs0.3,none,0,v2_fs_crelu_abs0.3_none_s0,0,0,0.6594038328024177,0.5421119264714102,0.6452056277056276,0.7005606469002695,0.5690242587601078,0.7228247978436657
fs_crelu_abs0.3,none,0,v2_fs_crelu_abs0.3_none_s0,1,0,0.6603734480927878,0.543488438076323,0.644426406926407,0.6993530997304582,0.5733369272237197,0.7243773584905661
fs_crelu_abs0.3,none,0,v2_fs_crelu_abs0.3_none_s0,2,0,0.6572056481254595,0.5424545497534574,0.6408441558441557,0.6942318059299192,0.5744258760107817,0.7193207547169812
fs_crelu_abs0.3,none,0,v2_fs_crelu_abs0.3_none_s0,3,0,0.6591125132728907,0.5427351612306925,0.6392640692640693,0.6988032345013476,0.571256064690027,0.7271266846361186
fs_crelu_abs0.3,none,0,v2_fs_crelu_abs0.3_none_s0,4,0,0.6652168688230009,0.5430051329008627,0.6470238095238096,0.7024150943396226,0.5820053908355796,0.7294231805929919
fs_crelu_abs0.3,none,0,v2_fs_crelu_abs0.3_none_s0,5,0,0.6643590316915788,0.5438010764475512,0.6491450216450216,0.7045067385444743,0.5811428571428571,0.7226415094339622
fs_crelu_abs0.3,none,0,v2_fs_crelu_abs0.3_none_s0,6,0,0.6547934329821122,0.5436880150633875,0.643896103896104,0.6922911051212937,0.5657681940700808,0.7172183288409704
fs_crelu_abs0.3,none,0,v2_fs_crelu_abs0.3_none_s0,7,0,0.6547186861880259,0.5398136744090071,0.6446645021645023,0.6928625336927224,0.5647654986522911,0.7165822102425876
fs_crelu_abs0.3,none,0,v2_fs_crelu_abs0.3_none_s0,8,0,0.6611110940945846,0.5446664474221574,0.6434740259740259,0.6980269541778975,0.5705229110512129,0.7324204851752021
fs_crelu_abs0.3,none,0,v2_fs_crelu_abs0.3_none_s0,9,0,0.6533240627297232,0.5416863879252162,0.6406493506493507,0.6925390835579516,0.5666630727762803,0.7134447439353101
fs_crelu_abs0.3,none,1,v2_fs_crelu_abs0.3_none_s1,0,0,0.7433157416482887,0.6090654380376327,0.7375432900432899,0.7814986522911052,0.6221347708894879,0.8320862533692722
fs_crelu_abs0.3,none,1,v2_fs_crelu_abs0.3_none_s1,1,0,0.7503032447112636,0.6174022105005224,0.7271536796536797,0.7819191374663073,0.6357304582210243,0.8564097035040431
fs_crelu_abs0.3,none,1,v2_fs_crelu_abs0.3_none_s1,2,0,0.7528928775626889,0.61561477665003,0.7521645021645021,0.7824150943396226,0.6350404312668464,0.8419514824797844
fs_crelu_abs0.3,none,1,v2_fs_crelu_abs0.3_none_s1,3,0,0.7469369588744589,0.6157730303460194,0.7288906926406926,0.7895417789757413,0.6271698113207548,0.8421455525606469
fs_crelu_abs0.3,none,1,v2_fs_crelu_abs0.3_none_s1,4,0,0.75861162501021,0.619621147637533,0.7483225108225109,0.797843665768194,0.6351374663072777,0.8531428571428572
fs_crelu_abs0.3,none,1,v2_fs_crelu_abs0.3_none_s1,5,0,0.7541002511639304,0.6180209851386613,0.7434090909090909,0.7893153638814016,0.6343719676549865,0.8493045822102426
fs_crelu_abs0.3,none,1,v2_fs_crelu_abs0.3_none_s1,6,0,0.7459256513926324,0.610807464630702,0.7354761904761905,0.7827924528301887,0.6303180592991914,0.8351159029649595
fs_crelu_abs0.3,none,1,v2_fs_crelu_abs0.3_none_s1,7,0,0.7487288246344851,0.6142343422879669,0.7411255411255411,0.7830512129380056,0.6323881401617251,0.8383504043126684
fs_crelu_abs0.3,none,1,v2_fs_crelu_abs0.3_none_s1,8,0,0.7529854712897165,0.6137045551270973,0.7445995670995671,0.7855741239892182,0.6337681940700809,0.848
fs_crelu_abs0.3,none,1,v2_fs_crelu_abs0.3_none_s1,9,0,0.7465669668381932,0.6141968880176427,0.73241341991342,0.7809487870619947,0.6289487870619945,0.8439568733153638
fs_crelu_abs0.3,none,2,v2_fs_crelu_abs0.3_none_s2,0,0,0.7347478865474149,0.5954540080905523,0.7356168831168831,0.7646037735849056,0.6273854447439353,0.8113854447439353
fs_crelu_abs0.3,none,2,v2_fs_crelu_abs0.3_none_s2,1,0,0.73300205219309,0.6005749257362961,0.7136038961038961,0.7775741239892182,0.6249703504043127,0.8158598382749327
fs_crelu_abs0.3,none,2,v2_fs_crelu_abs0.3_none_s2,2,0,0.7382543698439925,0.6030415339377604,0.723917748917749,0.7837735849056604,0.6219514824797844,0.8233746630727763
fs_crelu_abs0.3,none,2,v2_fs_crelu_abs0.3_none_s2,3,0,0.7405446888017643,0.6003473520851872,0.7259415584415585,0.7773369272237197,0.631633423180593,0.827266846361186
fs_crelu_abs0.3,none,2,v2_fs_crelu_abs0.3_none_s2,4,0,0.7440113023768684,0.6034936720016164,0.7319805194805195,0.7827277628032345,0.6297789757412399,0.8315579514824798
fs_crelu_abs0.3,none,2,v2_fs_crelu_abs0.3_none_s2,5,0,0.7418483112799151,0.6017491197977792,0.7277813852813853,0.7857250673854448,0.6323018867924529,0.8215849056603775
fs_crelu_abs0.3,none,2,v2_fs_crelu_abs0.3_none_s2,6,0,0.7293481989708405,0.5916180352252844,0.7119480519480519,0.7718382749326145,0.625477088948787,0.8081293800539083
fs_crelu_abs0.3,none,2,v2_fs_crelu_abs0.3_none_s2,7,0,0.7376398962672548,0.5983733991926643,0.7268614718614719,0.7739083557951483,0.6259299191374663,0.8238598382749327
fs_crelu_abs0.3,none,2,v2_fs_crelu_abs0.3_none_s2,8,0,0.7406319019031283,0.5974745504412833,0.7212445887445887,0.7679353099730458,0.6378652291105121,0.8354824797843666
fs_crelu_abs0.3,none,2,v2_fs_crelu_abs0.3_none_s2,9,0,0.7290479559748428,0.6001761479169623,0.7136904761904762,0.7716981132075473,0.6202587601078167,0.8105444743935311
fs_crelu_abs0.3,per_layer,0,v2_fs_crelu_abs0.3_per_layer_s0,0,0,0.732337059952626,0.5961448432401759,0.7201406926406927,0.7700700808625337,0.6207762803234501,0.8183611859838276
fs_crelu_abs0.3,per_layer,0,v2_fs_crelu_abs0.3_per_layer_s0,1,0,0.7372125091889243,0.5975458586431774,0.7252597402597403,0.7667708894878708,0.6290673854447439,0.8277520215633423
fs_crelu_abs0.3,per_layer,0,v2_fs_crelu_abs0.3_per_layer_s0,2,0,0.7375778914481745,0.5981983797400878,0.7239935064935065,0.7798490566037735,0.629088948787062,0.8173800539083558
fs_crelu_abs0.3,per_layer,0,v2_fs_crelu_abs0.3_per_layer_s0,3,0,0.7344773850363473,0.5960149086266265,0.7117424242424243,0.7751266846361187,0.6359353099730458,0.8151051212938004
fs_crelu_abs0.3,per_layer,0,v2_fs_crelu_abs0.3_per_layer_s0,4,0,0.7460810156824309,0.6013622714590937,0.7315909090909092,0.7842587601078167,0.6398921832884097,0.8285822102425876
fs_crelu_abs0.3,per_layer,0,v2_fs_crelu_abs0.3_per_layer_s0,5,0,0.7349179735358982,0.5971550875473418,0.7273376623376624,0.7693153638814016,0.619299191374663,0.8237196765498653
fs_crelu_abs0.3,per_layer,0,v2_fs_crelu_abs0.3_per_layer_s0,6,0,0.7234949563015601,0.5898552126456793,0.7132251082251083,0.7644743935309974,0.610576819407008,0.8057035040431266
fs_crelu_abs0.3,per_layer,0,v2_fs_crelu_abs0.3_per_layer_s0,7,0,0.7275617802009311,0.592458203828611,0.7183441558441559,0.7683557951482479,0.6242264150943397,0.799320754716981
fs_crelu_abs0.3,per_layer,0,v2_fs_crelu_abs0.3_per_layer_s0,8,0,0.7422680919709221,0.5989356431387216,0.7298917748917749,0.7713315363881401,0.6393962264150944,0.8284528301886793
fs_crelu_abs0.3,per_layer,0,v2_fs_crelu_abs0.3_per_layer_s0,9,0,0.7272126521277464,0.5939031218698547,0.7254112554112553,0.7658867924528303,0.6124312668463612,0.8051212938005391
fs_crelu_abs0.3,per_layer,1,v2_fs_crelu_abs0.3_per_layer_s1,0,0,0.7468343236951727,0.5995315798071508,0.7358116883116882,0.7904150943396225,0.6299299191374663,0.8311805929919138
fs_crelu_abs0.3,per_layer,1,v2_fs_crelu_abs0.3_per_layer_s1,1,0,0.7465197051376297,0.5993998181560247,0.7308874458874459,0.7808409703504043,0.6387385444743935,0.8356118598382749
fs_crelu_abs0.3,per_layer,1,v2_fs_crelu_abs0.3_per_layer_s1,2,0,0.7493230927877155,0.6020743324864476,0.7453354978354978,0.7865552560646902,0.6270080862533692,0.8383935309973047
fs_crelu_abs0.3,per_layer,1,v2_fs_crelu_abs0.3_per_layer_s1,3,0,0.7440016437964551,0.598053452671129,0.7274567099567099,0.7703072776280323,0.6379083557951483,0.8403342318059299
fs_crelu_abs0.3,per_layer,1,v2_fs_crelu_abs0.3_per_layer_s1,4,0,0.7519369741893327,0.599560060098789,0.7417640692640692,0.7852722371967655,0.6385013477088949,0.842210242587601
fs_crelu_abs0.3,per_layer,1,v2_fs_crelu_abs0.3_per_layer_s1,5,0,0.7476574675324676,0.5999119797779182,0.7340584415584416,0.7816172506738545,0.6369272237196766,0.8380269541778975
fs_crelu_abs0.3,per_layer,1,v2_fs_crelu_abs0.3_per_layer_s1,6,0,0.7360861002205341,0.5911565470279472,0.7284090909090909,0.7731752021563343,0.620690026954178,0.8220700808625336
fs_crelu_abs0.3,per_layer,1,v2_fs_crelu_abs0.3_per_layer_s1,7,0,0.7323782773829943,0.5930861136546339,0.7124025974025974,0.7730134770889487,0.6186630727762803,0.8254339622641509
fs_crelu_abs0.3,per_layer,1,v2_fs_crelu_abs0.3_per_layer_s1,8,0,0.7435786878216123,0.5952427165684365,0.7248376623376623,0.7828679245283018,0.6317520215633423,0.834857142857143
fs_crelu_abs0.3,per_layer,1,v2_fs_crelu_abs0.3_per_layer_s1,9,0,0.7357465184186882,0.5919636140092943,0.7170238095238095,0.7714177897574124,0.6228355795148248,0.8317088948787064
fs_crelu_abs0.3,per_layer,2,v2_fs_crelu_abs0.3_per_layer_s2,0,0,0.7343102385036349,0.5988272030848992,0.7202813852813854,0.7721078167115905,0.6264797843665768,0.8183719676549865
fs_crelu_abs0.3,per_layer,2,v2_fs_crelu_abs0.3_per_layer_s2,1,0,0.7330103732745241,0.5974048543313687,0.7195670995670995,0.7693369272237197,0.6225013477088949,0.8206361185983827
fs_crelu_abs0.3,per_layer,2,v2_fs_crelu_abs0.3_per_layer_s2,2,0,0.7403385608102588,0.5990405903265883,0.736017316017316,0.7684204851752021,0.6321832884097036,0.824733153638814
fs_crelu_abs0.3,per_layer,2,v2_fs_crelu_abs0.3_per_layer_s2,3,0,0.7355593298211223,0.5980625341226136,0.7243181818181819,0.769099730458221,0.6263288409703504,0.822490566037736
fs_crelu_abs0.3,per_layer,2,v2_fs_crelu_abs0.3_per_layer_s2,4,0,0.7367746263170791,0.598628862035019,0.7239610389610389,0.7697466307277628,0.6262318059299192,0.8271590296495958
fs_crelu_abs0.3,per_layer,2,v2_fs_crelu_abs0.3_per_layer_s2,5,0,0.7392754533202646,0.6015429332335986,0.7148376623376623,0.7803342318059299,0.6324851752021563,0.82944474393531
fs_crelu_abs0.3,per_layer,2,v2_fs_crelu_abs0.3_per_layer_s2,6,0,0.7315401147594545,0.5909232773185107,0.7182359307359308,0.7697035040431267,0.6284312668463612,0.809789757412399
fs_crelu_abs0.3,per_layer,2,v2_fs_crelu_abs0.3_per_layer_s2,7,0,0.7263745916033651,0.5942566536409635,0.7113528138528138,0.7648948787061995,0.6173477088948787,0.8119029649595687
fs_crelu_abs0.3,per_layer,2,v2_fs_crelu_abs0.3_per_layer_s2,8,0,0.736786214571592,0.5981262654922039,0.7162445887445887,0.777056603773585,0.628345013477089,0.8254986522911052
fs_crelu_abs0.3,per_layer,2,v2_fs_crelu_abs0.3_per_layer_s2,9,0,0.723382167360941,0.5926306439340203,0.7193831168831168,0.7644204851752021,0.6039353099730458,0.8057897574123989
fs_crelu_prop,none,0,v2_fs_crelu_prop_none_s0,0,0,0.705567385444744,0.5946508638663555,0.7071428571428572,0.8022964959568735,0.5528625336927223,0.7599676549865229
fs_crelu_prop,none,0,v2_fs_crelu_prop_none_s0,1,0,0.6910540308747856,0.58595953864077,0.7229870129870131,0.7311159029649597,0.5587816711590297,0.7513315363881402
fs_crelu_prop,none,0,v2_fs_crelu_prop_none_s0,2,0,0.7088239708404803,0.5933478099193095,0.6848376623376623,0.7857142857142858,0.6107277628032346,0.7540161725067386
fs_crelu_prop,none,0,v2_fs_crelu_prop_none_s0,3,0,0.7209163399493588,0.5945195858428232,0.7198917748917748,0.8067277628032345,0.6957412398921833,0.6613045822102426
fs_crelu_prop,none,0,v2_fs_crelu_prop_none_s0,4,0,0.6806710671404068,0.5922508350636455,0.6427597402597403,0.8318167115902965,0.5207115902964959,0.7273962264150944
fs_crelu_prop,none,0,v2_fs_crelu_prop_none_s0,5,0,0.6753785734705546,0.587983466384658,0.5870021645021645,0.765466307277628,0.6077843665768194,0.7412614555256065
fs_crelu_prop,none,0,v2_fs_crelu_prop_none_s0,6,0,0.7095090255656293,0.5809307789198555,0.7081385281385282,0.7499083557951484,0.5799892183288409,0.7999999999999999
fs_crelu_prop,none,0,v2_fs_crelu_prop_none_s0,7,0,0.7297443539165237,0.5954645404248184,0.7775865800865802,0.7733477088948788,0.6097897574123988,0.7582533692722371
fs_crelu_prop,none,0,v2_fs_crelu_prop_none_s0,8,0,0.6953895082904518,0.5896252208566012,0.7443073593073593,0.8079676549865229,0.5494016172506738,0.6798814016172507
fs_crelu_prop,none,0,v2_fs_crelu_prop_none_s0,9,0,0.6735489259168506,0.5735292347506846,0.6218614718614719,0.7549649595687332,0.5955471698113207,0.721822102425876
fs_crelu_prop,none,1,v2_fs_crelu_prop_none_s1,0,0,0.7166625112309075,0.579320997605506,0.756547619047619,0.7811644204851753,0.5980916442048517,0.7308463611859838
fs_crelu_prop,none,1,v2_fs_crelu_prop_none_s1,1,0,0.692503941027526,0.5803272654191224,0.6913203463203463,0.76144474393531,0.5321832884097035,0.7850673854447439
fs_crelu_prop,none,1,v2_fs_crelu_prop_none_s1,2,0,0.7086966838193254,0.5786748711401144,0.6927705627705628,0.7612830188679246,0.6186522911051213,0.7620808625336927
fs_crelu_prop,none,1,v2_fs_crelu_prop_none_s1,3,0,0.6940537960467206,0.5771676188756625,0.7227380952380953,0.7763018867924528,0.5545013477088949,0.7226738544474393
fs_crelu_prop,none,1,v2_fs_crelu_prop_none_s1,4,0,0.7035946969696969,0.5784309078872139,0.647521645021645,0.7863504043126684,0.6282371967654986,0.7522695417789758
fs_crelu_prop,none,1,v2_fs_crelu_prop_none_s1,5,0,0.7151531436330965,0.5838227107219163,0.7380465367965368,0.8013584905660377,0.5341455525606469,0.7870619946091645
fs_crelu_prop,none,1,v2_fs_crelu_prop_none_s1,6,0,0.6931415502736258,0.5697154012819355,0.7143290043290043,0.7411105121293801,0.6398113207547171,0.6773153638814017
fs_crelu_prop,none,1,v2_fs_crelu_prop_none_s1,7,0,0.6940284754553623,0.5897110916227103,0.6644696969696969,0.8375525606469003,0.5961832884097036,0.6779083557951482
fs_crelu_prop,none,1,v2_fs_crelu_prop_none_s1,8,0,0.7103357632933105,0.5733572782728692,0.6787662337662337,0.7905013477088949,0.6211320754716981,0.7509433962264151
fs_crelu_prop,none,1,v2_fs_crelu_prop_none_s1,9,0,0.6881485134362493,0.5713971356349707,0.6688528138528138,0.7697466307277627,0.5722156334231806,0.7417789757412399
fs_crelu_prop,none,2,v2_fs_crelu_prop_none_s2,0,0,0.7113553867516131,0.5769956086614478,0.6909956709956709,0.7976388140161725,0.5601832884097036,0.7966037735849057
fs_crelu_prop,none,2,v2_fs_crelu_prop_none_s2,1,0,0.6797723188760925,0.5625878590128839,0.6215151515151514,0.7588140161725068,0.617822102425876,0.7209380053908356
fs_crelu_prop,none,2,v2_fs_crelu_prop_none_s2,2,0,0.7446685861308503,0.573408220379422,0.7044155844155844,0.7958382749326146,0.6720646900269541,0.806355795148248
fs_crelu_prop,none,2,v2_fs_crelu_prop_none_s2,3,0,0.7053116781017724,0.5647729422183245,0.7160930735930735,0.7458867924528302,0.611601078167116,0.74766576819407
fs_crelu_prop,none,2,v2_fs_crelu_prop_none_s2,4,0,0.6776752940455771,0.5571606438910313,0.7043831168831168,0.7187816711590297,0.5875256064690026,0.7000107816711592
fs_crelu_prop,none,2,v2_fs_crelu_prop_none_s2,5,0,0.7027167156742629,0.5705076907534703,0.7282900432900433,0.7636010781671159,0.5773045822102425,0.7416711590296496
fs_crelu_prop,none,2,v2_fs_crelu_prop_none_s2,6,0,0.7055106183125051,0.5599093144525121,0.6812554112554113,0.7604312668463612,0.58911051212938,0.791245283018868
fs_crelu_prop,none,2,v2_fs_crelu_prop_none_s2,7,0,0.7407996916605407,0.5832777698964392,0.7048160173160174,0.7562587601078167,0.6649487870619947,0.8371752021563342
fs_crelu_prop,none,2,v2_fs_crelu_prop_none_s2,8,0,0.6826765907048925,0.5500292863376279,0.6229004329004328,0.6895202156334231,0.6689595687331537,0.7493261455525607
fs_crelu_prop,none,2,v2_fs_crelu_prop_none_s2,9,0,0.7106300845381035,0.5812372376051621,0.6878896103896104,0.8208840970350405,0.5410566037735849,0.7926900269541779
fs_crelu_prop,per_layer,0,v2_fs_crelu_prop_per_layer_s0,0,0,0.7076709139916687,0.5854075583469824,0.7197402597402598,0.7666846361185984,0.5872129380053908,0.7570458221024259
fs_crelu_prop,per_layer,0,v2_fs_crelu_prop_per_layer_s0,1,0,0.709365075961774,0.5843270268295094,0.7212662337662337,0.7794716981132075,0.5815633423180594,0.7551590296495958
fs_crelu_prop,per_layer,0,v2_fs_crelu_prop_per_layer_s0,2,0,0.706537317242506,0.5848627249943039,0.71241341991342,0.7746630727762804,0.5914285714285714,0.7476442048517521
fs_crelu_prop,per_layer,0,v2_fs_crelu_prop_per_layer_s0,3,0,0.7035858041329739,0.5802474131297368,0.7038095238095239,0.7642048517520216,0.6026954177897574,0.743633423180593
fs_crelu_prop,per_layer,0,v2_fs_crelu_prop_per_layer_s0,4,0,0.7196517806093278,0.5909123688294493,0.7137445887445888,0.7797196765498653,0.6033746630727762,0.7817681940700809
fs_crelu_prop,per_layer,0,v2_fs_crelu_prop_per_layer_s0,5,0,0.714483470146206,0.5899594075239557,0.7210497835497836,0.7832129380053909,0.5972183288409703,0.7564528301886793
fs_crelu_prop,per_layer,0,v2_fs_crelu_prop_per_layer_s0,6,0,0.7031661970105366,0.5826513109531978,0.7247402597402597,0.7653584905660378,0.5863396226415094,0.7362264150943396
fs_crelu_prop,per_layer,0,v2_fs_crelu_prop_per_layer_s0,7,0,0.7015719696969697,0.5840819888486224,0.7091450216450217,0.7746307277628033,0.5948032345013476,0.7277088948787062
fs_crelu_prop,per_layer,0,v2_fs_crelu_prop_per_layer_s0,8,0,0.709315333251654,0.5856275551657875,0.7371103896103897,0.7633315363881401,0.587288409703504,0.7495309973045822
fs_crelu_prop,per_layer,0,v2_fs_crelu_prop_per_layer_s0,9,0,0.7090254124806011,0.5871352373214339,0.7126515151515151,0.7758490566037736,0.5925498652291106,0.7550512129380054
fs_crelu_prop,per_layer,1,v2_fs_crelu_prop_per_layer_s1,0,0,0.7219449277137956,0.5875198287313481,0.735909090909091,0.7888409703504042,0.6034070080862534,0.7596226415094339
fs_crelu_prop,per_layer,1,v2_fs_crelu_prop_per_layer_s1,1,0,0.7202880421465327,0.5891441726099125,0.7124675324675325,0.784479784366577,0.6115795148247978,0.7726253369272237
fs_crelu_prop,per_layer,1,v2_fs_crelu_prop_per_layer_s1,2,0,0.7219247631299518,0.586304472587988,0.734534632034632,0.7771320754716982,0.6127762803234502,0.7632560646900269
fs_crelu_prop,per_layer,1,v2_fs_crelu_prop_per_layer_s1,3,0,0.7126635628522421,0.5822126069891711,0.7062337662337662,0.7805498652291106,0.5999029649595687,0.763967654986523
fs_crelu_prop,per_layer,1,v2_fs_crelu_prop_per_layer_s1,4,0,0.7237421587846116,0.5865309177747112,0.7238311688311688,0.7871159029649597,0.6161617250673854,0.7678598382749326
fs_crelu_prop,per_layer,1,v2_fs_crelu_prop_per_layer_s1,5,0,0.7279648983092379,0.5878766384228151,0.7227922077922078,0.7850242587601078,0.6086145552560647,0.7954285714285715
fs_crelu_prop,per_layer,1,v2_fs_crelu_prop_per_layer_s1,6,0,0.7155795352446297,0.576863900746721,0.7257359307359307,0.7806684636118599,0.5945121293800539,0.7614016172506738
fs_crelu_prop,per_layer,1,v2_fs_crelu_prop_per_layer_s1,7,0,0.717551396716491,0.5866516097275779,0.7301948051948052,0.7751698113207547,0.6031482479784367,0.7616927223719677
fs_crelu_prop,per_layer,1,v2_fs_crelu_prop_per_layer_s1,8,0,0.7234133994935883,0.5876945257655287,0.7096320346320346,0.7893369272237198,0.62222102425876,0.7724636118598383
fs_crelu_prop,per_layer,1,v2_fs_crelu_prop_per_layer_s1,9,0,0.7062012374418035,0.5826961271102284,0.7047402597402598,0.7800539083557951,0.5976495956873316,0.7423611859838276
fs_crelu_prop,per_layer,2,v2_fs_crelu_prop_per_layer_s2,0,0,0.722058564077432,0.5883611795354595,0.7135064935064934,0.7780808625336927,0.6077520215633423,0.7888948787061995
fs_crelu_prop,per_layer,2,v2_fs_crelu_prop_per_layer_s2,1,0,0.7286478395818019,0.5901826822631192,0.7295670995670996,0.7847547169811321,0.6054339622641509,0.7948355795148248
fs_crelu_prop,per_layer,2,v2_fs_crelu_prop_per_layer_s2,2,0,0.7419406293392142,0.5961210380152783,0.7456385281385282,0.7886576819407007,0.6202371967654986,0.8132291105121294
fs_crelu_prop,per_layer,2,v2_fs_crelu_prop_per_layer_s2,3,0,0.725937106918239,0.5920883361921098,0.7276190476190476,0.7878167115902965,0.6296172506738545,0.7586954177897575
fs_crelu_prop,per_layer,2,v2_fs_crelu_prop_per_layer_s2,4,0,0.73230226455934,0.5925700292755903,0.7346861471861472,0.7934447439353101,0.6296819407008086,0.7713962264150942
fs_crelu_prop,per_layer,2,v2_fs_crelu_prop_per_layer_s2,5,0,0.7317569835824553,0.5884381300592819,0.7424025974025974,0.7866630727762803,0.6103827493261456,0.7875795148247978
fs_crelu_prop,per_layer,2,v2_fs_crelu_prop_per_layer_s2,6,0,0.7174216388956955,0.5869617224880384,0.7083658008658009,0.777256064690027,0.6057250673854447,0.7783396226415095
fs_crelu_prop,per_layer,2,v2_fs_crelu_prop_per_layer_s2,7,0,0.7271714857469576,0.5910370372758655,0.7332034632034633,0.7834393530997305,0.6055633423180593,0.7864797843665768
fs_crelu_prop,per_layer,2,v2_fs_crelu_prop_per_layer_s2,8,0,0.7279411398350077,0.5884415691888383,0.7376082251082252,0.780010781671159,0.6310080862533693,0.7631374663072776
fs_crelu_prop,per_layer,2,v2_fs_crelu_prop_per_layer_s2,9,0,0.717723637997223,0.582746854271184,0.7299134199134201,0.7786738544474394,0.6035579514824798,0.7587493261455526
fs_crelu_shot,none,0,v2_fs_crelu_shot_none_s0,0,0,0.7268621150861717,0.5887789263037526,0.7681277056277056,0.7708355795148247,0.635644204851752,0.7328409703504043
fs_crelu_shot,none,0,v2_fs_crelu_shot_none_s0,1,0,0.6883975741239893,0.5823197036330106,0.6871428571428573,0.7737466307277627,0.6018652291105121,0.6908355795148248
fs_crelu_shot,none,0,v2_fs_crelu_shot_none_s0,2,0,0.6586577738299436,0.5518526161028643,0.5829545454545455,0.7310296495956874,0.5914932614555256,0.7291536388140161
fs_crelu_shot,none,0,v2_fs_crelu_shot_none_s0,3,0,0.6936024360859268,0.579935527068099,0.7300108225108226,0.766469002695418,0.5818975741239892,0.6960323450134771
fs_crelu_shot,none,0,v2_fs_crelu_shot_none_s0,4,0,0.6975564710446785,0.5949615677272082,0.7070021645021645,0.8073746630727763,0.5626522911051213,0.7131967654986523
fs_crelu_shot,none,0,v2_fs_crelu_shot_none_s0,5,0,0.6911364044760271,0.5815003310162198,0.7131601731601731,0.7650458221024259,0.618199460916442,0.6681401617250674
fs_crelu_shot,none,0,v2_fs_crelu_shot_none_s0,6,0,0.6890378481581312,0.5813647540807422,0.6915476190476191,0.7838059299191376,0.6000646900269542,0.6807331536388139
fs_crelu_shot,none,0,v2_fs_crelu_shot_none_s0,7,0,0.6792557890222986,0.5751851756320475,0.7282792207792207,0.7790835579514825,0.5435902964959569,0.6660700808625337
fs_crelu_shot,none,0,v2_fs_crelu_shot_none_s0,8,0,0.673070131912113,0.5734176779857018,0.7457683982683982,0.7111159029649595,0.5442479784366576,0.6911482479784367
fs_crelu_shot,none,0,v2_fs_crelu_shot_none_s0,9,0,0.7038354672057502,0.5908042511940228,0.7227380952380953,0.7889919137466308,0.5911051212938006,0.7125067385444744
fs_crelu_shot,none,1,v2_fs_crelu_shot_none_s1,0,0,0.7341813076860246,0.614017247234725,0.77504329004329,0.7996010781671159,0.6035040431266846,0.758576819407008
fs_crelu_shot,none,1,v2_fs_crelu_shot_none_s1,1,0,0.7307402597402597,0.6058653279854869,0.7503896103896104,0.7852291105121294,0.6434501347708894,0.7438921832884097
fs_crelu_shot,none,1,v2_fs_crelu_shot_none_s1,2,0,0.7207283447684392,0.6002539582231737,0.7263311688311689,0.7439676549865228,0.6232345013477089,0.7893800539083557
fs_crelu_shot,none,1,v2_fs_crelu_shot_none_s1,3,0,0.7194261516785103,0.6055966997252995,0.714577922077922,0.7905876010781673,0.6187385444743935,0.753800539083558
fs_crelu_shot,none,1,v2_fs_crelu_shot_none_s1,4,0,0.7444737400963817,0.6126762016533616,0.7550216450216451,0.8058814016172506,0.629088948787062,0.7879029649595688
fs_crelu_shot,none,1,v2_fs_crelu_shot_none_s1,5,0,0.7208847300498245,0.6060156286943774,0.7492424242424243,0.7932506738544474,0.5743611859838276,0.7666846361185985
fs_crelu_shot,none,1,v2_fs_crelu_shot_none_s1,6,0,0.732054541370579,0.6029572215272314,0.7378138528138528,0.7960646900269542,0.6449811320754717,0.7493584905660378
fs_crelu_shot,none,1,v2_fs_crelu_shot_none_s1,7,0,0.7410955750224618,0.6176044205711535,0.7527380952380952,0.8223288409703503,0.608722371967655,0.7805929919137468
fs_crelu_shot,none,1,v2_fs_crelu_shot_none_s1,8,0,0.7331933860164992,0.6074033712067476,0.7449891774891776,0.7624366576819406,0.644722371967655,0.7806253369272238
fs_crelu_shot,none,1,v2_fs_crelu_shot_none_s1,9,0,0.7232182369517275,0.6051986204791568,0.7399025974025975,0.7715471698113207,0.614533692722372,0.76688948787062
fs_crelu_shot,none,2,v2_fs_crelu_shot_none_s2,0,0,0.7192801090419014,0.5894768546580861,0.745487012987013,0.7572291105121294,0.6175956873315364,0.7568086253369273
fs_crelu_shot,none,2,v2_fs_crelu_shot_none_s2,1,0,0.7173973290860083,0.5897648280220277,0.7183116883116883,0.7510835579514825,0.6866738544474393,0.7135202156334232
fs_crelu_shot,none,2,v2_fs_crelu_shot_none_s2,2,0,0.703974883606959,0.5821608051002292,0.7248051948051948,0.7713962264150943,0.6716873315363882,0.6480107816711591
fs_crelu_shot,none,2,v2_fs_crelu_shot_none_s2,3,0,0.7094544127256391,0.6008229729555449,0.7216774891774891,0.8581994609164421,0.5823504043126685,0.6755902964959568
fs_crelu_shot,none,2,v2_fs_crelu_shot_none_s2,4,0,0.7447532467532468,0.6053328540046514,0.7212987012987013,0.8137358490566038,0.705789757412399,0.7381886792452831
fs_crelu_shot,none,2,v2_fs_crelu_shot_none_s2,5,0,0.7005163562852242,0.5865525735436361,0.7387662337662337,0.7648086253369272,0.6560754716981132,0.6424150943396226
fs_crelu_shot,none,2,v2_fs_crelu_shot_none_s2,6,0,0.6969498182634976,0.5825596903923617,0.7139502164502165,0.7614770889487872,0.5542857142857143,0.7580862533692723
fs_crelu_shot,none,2,v2_fs_crelu_shot_none_s2,7,0,0.683602558604917,0.5914197479118035,0.721569264069264,0.8260485175202157,0.5427493261455526,0.6440431266846361
fs_crelu_shot,none,2,v2_fs_crelu_shot_none_s2,8,0,0.7270589316344033,0.6018294557147587,0.7596103896103896,0.8190404312668462,0.5707277628032345,0.7588571428571429
fs_crelu_shot,none,2,v2_fs_crelu_shot_none_s2,9,0,0.685507871845136,0.5798670131589695,0.7440584415584417,0.7402264150943397,0.5790188679245283,0.6787277628032344
fs_crelu_shot,per_layer,0,v2_fs_crelu_shot_per_layer_s0,0,0,0.6938816977048109,0.5828050507916447,0.7117424242424243,0.7554393530997304,0.5679137466307278,0.7404312668463612
fs_crelu_shot,per_layer,0,v2_fs_crelu_shot_per_layer_s0,1,0,0.6991062137547985,0.5838080406849027,0.7011580086580087,0.7799353099730458,0.5776172506738544,0.7377142857142858
fs_crelu_shot,per_layer,0,v2_fs_crelu_shot_per_layer_s0,2,0,0.6854521052846525,0.5807622078351969,0.7049458874458876,0.7587708894878706,0.5758382749326146,0.7022533692722372
fs_crelu_shot,per_layer,0,v2_fs_crelu_shot_per_layer_s0,3,0,0.7164079269786817,0.5939616945451106,0.7352597402597403,0.7872237196765499,0.6111374663072776,0.7320107816711591
fs_crelu_shot,per_layer,0,v2_fs_crelu_shot_per_layer_s0,4,0,0.7144649901984808,0.5920264855964955,0.7271753246753246,0.7810026954177898,0.6026307277628032,0.7470512129380054
fs_crelu_shot,per_layer,0,v2_fs_crelu_shot_per_layer_s0,5,0,0.7055871620517847,0.587476141038703,0.7338203463203463,0.7798274932614556,0.5675687331536388,0.7411320754716981
fs_crelu_shot,per_layer,0,v2_fs_crelu_shot_per_layer_s0,6,0,0.7045698051948052,0.5812693182355546,0.7068506493506493,0.7676657681940701,0.6,0.7437628032345014
fs_crelu_shot,per_layer,0,v2_fs_crelu_shot_per_layer_s0,7,0,0.7001951114922813,0.5842054213578544,0.7353896103896104,0.7697897574123989,0.571622641509434,0.7239784366576819
fs_crelu_shot,per_layer,0,v2_fs_crelu_shot_per_layer_s0,8,0,0.7050340806991751,0.5931266308997193,0.736125541125541,0.7757843665768194,0.5755471698113208,0.7326792452830189
fs_crelu_shot,per_layer,0,v2_fs_crelu_shot_per_layer_s0,9,0,0.708197184105203,0.594382558024564,0.7261580086580087,0.7680646900269541,0.5952452830188679,0.7433207547169811
fs_crelu_shot,per_layer,1,v2_fs_crelu_shot_per_layer_s1,0,0,0.701739994282447,0.5886497439997936,0.7358225108225108,0.7601185983827494,0.5766792452830188,0.7343396226415094
fs_crelu_shot,per_layer,1,v2_fs_crelu_shot_per_layer_s1,1,0,0.7249127154292248,0.5955280568488115,0.7560497835497835,0.7801185983827493,0.6106954177897573,0.7527870619946092
fs_crelu_shot,per_layer,1,v2_fs_crelu_shot_per_layer_s1,2,0,0.7148270133954095,0.5918747877412227,0.7452056277056278,0.7773153638814017,0.5940485175202156,0.7427385444743935
fs_crelu_shot,per_layer,1,v2_fs_crelu_shot_per_layer_s1,3,0,0.7013010597892674,0.5891073094399808,0.7319805194805196,0.7570350404312669,0.5766792452830188,0.7395094339622643
fs_crelu_shot,per_layer,1,v2_fs_crelu_shot_per_layer_s1,4,0,0.717035020011435,0.5994676334919632,0.7571212121212121,0.7840323450134771,0.5819838274932614,0.7450026954177897
fs_crelu_shot,per_layer,1,v2_fs_crelu_shot_per_layer_s1,5,0,0.7101862594952218,0.5960548885077187,0.7202922077922078,0.7805175202156335,0.5960862533692722,0.7438490566037738
fs_crelu_shot,per_layer,1,v2_fs_crelu_shot_per_layer_s1,6,0,0.7053100138854855,0.5890177308623188,0.7286147186147185,0.75822102425876,0.5896711590296496,0.744733153638814
fs_crelu_shot,per_layer,1,v2_fs_crelu_shot_per_layer_s1,7,0,0.7106252858776444,0.5922852800956078,0.7428030303030303,0.7863827493261456,0.588355795148248,0.7249595687331537
fs_crelu_shot,per_layer,1,v2_fs_crelu_shot_per_layer_s1,8,0,0.7020354284080699,0.5895906146154408,0.7375541125541125,0.7518274932614555,0.5922587601078168,0.7265013477088949
fs_crelu_shot,per_layer,1,v2_fs_crelu_shot_per_layer_s1,9,0,0.7064461426937843,0.5882886891327804,0.741482683982684,0.7677735849056604,0.5699191374663073,0.7466091644204853
fs_crelu_shot,per_layer,2,v2_fs_crelu_shot_per_layer_s2,0,0,0.7400599424160745,0.6028909645468732,0.7578246753246753,0.7917196765498653,0.6332398921832884,0.777455525606469
fs_crelu_shot,per_layer,2,v2_fs_crelu_shot_per_layer_s2,1,0,0.7438944294699011,0.6040079293430832,0.7738095238095237,0.7823827493261456,0.6381239892183288,0.7812614555256064
fs_crelu_shot,per_layer,2,v2_fs_crelu_shot_per_layer_s2,2,0,0.736881217838765,0.6018215027276597,0.7483766233766234,0.8022641509433962,0.6229002695417789,0.7739838274932614
fs_crelu_shot,per_layer,2,v2_fs_crelu_shot_per_layer_s2,3,0,0.7390171730784939,0.6098095796953791,0.7610606060606061,0.8138328840970351,0.6196765498652291,0.7614986522911051
fs_crelu_shot,per_layer,2,v2_fs_crelu_shot_per_layer_s2,4,0,0.7510279037000736,0.6078473413379073,0.7610064935064935,0.8180808625336927,0.6442479784366577,0.7807762803234501
fs_crelu_shot,per_layer,2,v2_fs_crelu_shot_per_layer_s2,5,0,0.7570537041574777,0.6086246383540326,0.7597835497835498,0.8190727762803234,0.6656388140161725,0.7837196765498651
fs_crelu_shot,per_layer,2,v2_fs_crelu_shot_per_layer_s2,6,0,0.7247534101119006,0.5961361916798859,0.7386147186147187,0.7807439353099731,0.6201185983827493,0.7595363881401618
fs_crelu_shot,per_layer,2,v2_fs_crelu_shot_per_layer_s2,7,0,0.7366527199215879,0.6085202285301591,0.7575974025974026,0.7942533692722371,0.6321725067385444,0.7625876010781671
fs_crelu_shot,per_layer,2,v2_fs_crelu_shot_per_layer_s2,8,0,0.7353192232296006,0.6037196872971451,0.7640909090909089,0.7987385444743936,0.6156226415094339,0.7628247978436657
fs_crelu_shot,per_layer,2,v2_fs_crelu_shot_per_layer_s2,9,0,0.734765978518337,0.605024245863372,0.7633658008658009,0.7941132075471697,0.6081832884097035,0.7734016172506739
fs_tanh_abs0.03,none,0,v2_fs_tanh_abs0.03_none_s0,0,0,0.743441190884587,0.6093728639781272,0.7733766233766233,0.7925929919137468,0.6124959568733154,0.795299191374663
fs_tanh_abs0.03,none,0,v2_fs_tanh_abs0.03_none_s0,1,0,0.7053237462223312,0.5944886874132158,0.7660281385281386,0.7741886792452831,0.563299191374663,0.7177789757412399
fs_tanh_abs0.03,none,0,v2_fs_tanh_abs0.03_none_s0,2,0,0.694928050722862,0.5937924786236604,0.7551623376623375,0.7632884097035041,0.5964743935309973,0.6647870619946091
fs_tanh_abs0.03,none,0,v2_fs_tanh_abs0.03_none_s0,3,0,0.7179779976312997,0.5999665222232253,0.7509632034632034,0.80977897574124,0.5900808625336927,0.7210889487870621
fs_tanh_abs0.03,none,0,v2_fs_tanh_abs0.03_none_s0,4,0,0.7372274462958425,0.6080103775734361,0.7753787878787879,0.8040431266846362,0.6297897574123988,0.7396981132075471
fs_tanh_abs0.03,none,0,v2_fs_tanh_abs0.03_none_s0,5,0,0.7410073715592582,0.6104574257255488,0.7763852813852814,0.7962156334231806,0.6445175202156335,0.746911051212938
fs_tanh_abs0.03,none,0,v2_fs_tanh_abs0.03_none_s0,6,0,0.7153299538511804,0.5959157112334867,0.7326082251082252,0.763611859838275,0.5776711590296497,0.7874285714285714
fs_tanh_abs0.03,none,0,v2_fs_tanh_abs0.03_none_s0,7,0,0.7173220411663808,0.609655624911335,0.7927922077922078,0.8173369272237198,0.5153746630727762,0.7437843665768195
fs_tanh_abs0.03,none,0,v2_fs_tanh_abs0.03_none_s0,8,0,0.7069680940129053,0.5988036128055989,0.7461796536796537,0.7901024258760108,0.5632237196765498,0.728366576819407
fs_tanh_abs0.03,none,0,v2_fs_tanh_abs0.03_none_s0,9,0,0.7099753226333416,0.6017763104158338,0.7566991341991343,0.7826307277628033,0.5815202156334232,0.7190512129380056
fs_tanh_abs0.03,none,1,v2_fs_tanh_abs0.03_none_s1,0,0,0.719721973780936,0.5931425906103166,0.7395779220779221,0.7755040431266846,0.6066307277628032,0.7571752021563342
fs_tanh_abs0.03,none,1,v2_fs_tanh_abs0.03_none_s1,1,0,0.7244731785510087,0.6031771646096373,0.7444264069264068,0.7634070080862534,0.5735525606469003,0.8165067385444743
fs_tanh_abs0.03,none,1,v2_fs_tanh_abs0.03_none_s1,2,0,0.7262737584742301,0.5999608261648977,0.7358982683982683,0.7901671159029648,0.6084204851752022,0.7706091644204851
fs_tanh_abs0.03,none,1,v2_fs_tanh_abs0.03_none_s1,3,0,0.7165542759127664,0.5961365140982817,0.7475324675324675,0.7858436657681941,0.6188894878706199,0.7139514824797845
fs_tanh_abs0.03,none,1,v2_fs_tanh_abs0.03_none_s1,4,0,0.7545119966511475,0.61004172094043,0.7627164502164503,0.8121078167115903,0.6667601078167116,0.7764636118598383
fs_tanh_abs0.03,none,1,v2_fs_tanh_abs0.03_none_s1,5,0,0.7142438740504778,0.6006844405181049,0.7013636363636363,0.770544474393531,0.6178328840970351,0.7672345013477089
fs_tanh_abs0.03,none,1,v2_fs_tanh_abs0.03_none_s1,6,0,0.7137535122110594,0.5966371223943221,0.7472943722943723,0.7655849056603774,0.5924204851752022,0.7497142857142858
fs_tanh_abs0.03,none,1,v2_fs_tanh_abs0.03_none_s1,7,0,0.7246021910479458,0.6076834990563889,0.7697510822510822,0.8022749326145553,0.5898975741239891,0.7364851752021564
fs_tanh_abs0.03,none,1,v2_fs_tanh_abs0.03_none_s1,8,0,0.7339072735440659,0.6045862404725364,0.7188528138528139,0.8093045822102426,0.6397628032345013,0.7677088948787063
fs_tanh_abs0.03,none,1,v2_fs_tanh_abs0.03_none_s1,9,0,0.7160205831903945,0.6020448312032225,0.7303896103896104,0.8008840970350404,0.5438921832884097,0.7889164420485175
fs_tanh_abs0.03,none,2,v2_fs_tanh_abs0.03_none_s2,0,0,0.7367393102180837,0.605328716301904,0.7808116883116883,0.8033746630727763,0.6124851752021564,0.7502857142857142
fs_tanh_abs0.03,none,2,v2_fs_tanh_abs0.03_none_s2,1,0,0.7429966103079311,0.5967344390134857,0.7621212121212122,0.7783072776280323,0.6531320754716982,0.7784258760107817
fs_tanh_abs0.03,none,2,v2_fs_tanh_abs0.03_none_s2,2,0,0.7469922608837704,0.6049422441180138,0.7575108225108226,0.8132938005390835,0.6191805929919137,0.7979838274932615
fs_tanh_abs0.03,none,2,v2_fs_tanh_abs0.03_none_s2,3,0,0.7237918912848158,0.6057108358374497,0.7394047619047619,0.7915363881401617,0.5851536388140162,0.7790727762803236
fs_tanh_abs0.03,none,2,v2_fs_tanh_abs0.03_none_s2,4,0,0.7589358102589234,0.6145966868285637,0.7833874458874458,0.8144690026954177,0.6676873315363882,0.770199460916442
fs_tanh_abs0.03,none,2,v2_fs_tanh_abs0.03_none_s2,5,0,0.7393601037327452,0.6008914331282753,0.755995670995671,0.7957843665768194,0.6498760107816711,0.7557843665768194
fs_tanh_abs0.03,none,2,v2_fs_tanh_abs0.03_none_s2,6,0,0.7168530078412154,0.5922138106845157,0.6984740259740261,0.7754824797843666,0.6203018867924528,0.7731536388140162
fs_tanh_abs0.03,none,2,v2_fs_tanh_abs0.03_none_s2,7,0,0.7206070101282366,0.6053244711263579,0.7720021645021645,0.7736927223719677,0.5498652291105122,0.7868679245283019
fs_tanh_abs0.03,none,2,v2_fs_tanh_abs0.03_none_s2,8,0,0.7404778649023932,0.608220164476371,0.7665367965367965,0.7891320754716983,0.6077628032345013,0.798479784366577
fs_tanh_abs0.03,none,2,v2_fs_tanh_abs0.03_none_s2,9,0,0.7388846687903292,0.6103893417076138,0.7748917748917749,0.8027493261455526,0.6026199460916442,0.775277628032345
fs_b4,none,0,v2_fs_b4_none_s0,0,0,0.7150035224209753,0.6124116573595223,0.6837337662337662,0.7033099730458221,0.6449919137466307,0.8279784366576819
fs_b4,none,0,v2_fs_b4_none_s0,1,0,0.6908673119333497,0.6027283582025389,0.6336363636363637,0.6687547169811321,0.6567547169811321,0.804323450134771
fs_b4,none,0,v2_fs_b4_none_s0,2,0,0.6821255717552888,0.5892260131460727,0.6445346320346319,0.6609056603773584,0.6393962264150944,0.78366576819407
fs_b4,none,0,v2_fs_b4_none_s0,3,0,0.6902529200359389,0.5961481748969336,0.6309523809523809,0.7005390835579515,0.6480323450134771,0.7814878706199461
fs_b4,none,0,v2_fs_b4_none_s0,4,0,0.7150437086498407,0.6049657269245154,0.6806168831168831,0.7522911051212937,0.6609380053908356,0.7663288409703503
fs_b4,none,0,v2_fs_b4_none_s0,5,0,0.6918508433390509,0.6034679322663434,0.6247510822510822,0.7054878706199461,0.6557843665768195,0.7813800539083557
fs_b4,none,0,v2_fs_b4_none_s0,6,0,0.6890585844972638,0.5958703039760637,0.6363852813852813,0.6880215633423181,0.6478274932614556,0.784
fs_b4,none,0,v2_fs_b4_none_s0,7,0,0.7009054459691251,0.5947649462421061,0.6769155844155844,0.7056064690026954,0.6582641509433962,0.7628355795148247
fs_b4,none,0,v2_fs_b4_none_s0,8,0,0.7106447459772931,0.6039747739847046,0.6977164502164501,0.6967870619946092,0.6692614555256066,0.7788140161725068
fs_b4,none,0,v2_fs_b4_none_s0,9,0,0.6985724495630157,0.6060142852843945,0.6782251082251082,0.6977574123989219,0.6432560646900269,0.7750512129380053
fs_b4,none,1,v2_fs_b4_none_s1,0,0,0.6809140325083721,0.6035334906735106,0.6317316017316017,0.7191266846361186,0.6104905660377358,0.7623072776280324
fs_b4,none,1,v2_fs_b4_none_s1,1,0,0.6995766458384383,0.6192985142960317,0.6369588744588744,0.7166145552560648,0.6606469002695418,0.7840862533692723
fs_b4,none,1,v2_fs_b4_none_s1,2,0,0.6772696540880503,0.592033686274004,0.6429761904761905,0.698900269541779,0.6489164420485175,0.7182857142857142
fs_b4,none,1,v2_fs_b4_none_s1,3,0,0.6747292126112882,0.591752913587571,0.6758225108225109,0.6916657681940701,0.6276981132075471,0.7037304582210243
fs_b4,none,1,v2_fs_b4_none_s1,4,0,0.7037654986522911,0.6113025380776125,0.6914285714285715,0.7347708894878706,0.6708894878706199,0.7179730458221024
fs_b4,none,1,v2_fs_b4_none_s1,5,0,0.680393980233603,0.5999071972383789,0.6204761904761904,0.7157520215633424,0.6419191374663072,0.7434285714285715
fs_b4,none,1,v2_fs_b4_none_s1,6,0,0.646536755697133,0.5689173620156738,0.6546753246753246,0.662954177897574,0.5950080862533692,0.6735094339622641
fs_b4,none,1,v2_fs_b4_none_s1,7,0,0.6597457118353345,0.5839203497594759,0.6647402597402597,0.6428247978436658,0.6214663072776281,0.7099514824797843
fs_b4,none,1,v2_fs_b4_none_s1,8,0,0.707832659478886,0.6074889195544607,0.704047619047619,0.7108355795148248,0.6561455525606468,0.7603018867924528
fs_b4,none,1,v2_fs_b4_none_s1,9,0,0.6855406354651638,0.5999998925272013,0.6616450216450216,0.7120323450134771,0.6512452830188679,0.7172398921832884
fs_b4,none,2,v2_fs_b4_none_s2,0,0,0.6561120027770971,0.5753884066942657,0.6244372294372295,0.6661024258760108,0.6242048517520216,0.7097035040431268
fs_b4,none,2,v2_fs_b4_none_s2,1,0,0.6631187464265295,0.5711442521397835,0.638728354978355,0.6973261455525608,0.6055849056603774,0.7108355795148248
fs_b4,none,2,v2_fs_b4_none_s2,2,0,0.6681346994200769,0.5820703667401781,0.6399242424242425,0.6630080862533694,0.6197520215633423,0.7498544474393531
fs_b4,none,2,v2_fs_b4_none_s2,3,0,0.6689972331127991,0.582799515942515,0.6313528138528138,0.6775202156334232,0.6396226415094339,0.7274932614555256
fs_b4,none,2,v2_fs_b4_none_s2,4,0,0.6954521869639794,0.5883827278315858,0.6821753246753246,0.7155687331536389,0.628409703504043,0.7556549865229111
fs_b4,none,2,v2_fs_b4_none_s2,5,0,0.6842593420730213,0.6023704737830855,0.6320454545454546,0.7006469002695417,0.6313962264150943,0.7729487870619945
fs_b4,none,2,v2_fs_b4_none_s2,6,0,0.652211273789104,0.5792094408405233,0.645378787878788,0.6298706199460917,0.591654986522911,0.7419407008086253
fs_b4,none,2,v2_fs_b4_none_s2,7,0,0.657321632769746,0.5702529264843068,0.6152164502164502,0.6897142857142857,0.5954824797843665,0.7288733153638813
fs_b4,none,2,v2_fs_b4_none_s2,8,0,0.6858003144654088,0.5796181598937309,0.6883333333333332,0.6975417789757413,0.6214447439353099,0.7358814016172508
fs_b4,none,2,v2_fs_b4_none_s2,9,0,0.6819380258106673,0.5840084774543564,0.6771645021645021,0.7197520215633424,0.59377897574124,0.737056603773585
fs_b4_c,none,0,v2_fs_b4_c_none_s0,0,0,0.7416299620191129,0.6190170967728068,0.7449025974025975,0.7841617250673855,0.6608409703504043,0.7766145552560646
fs_b4_c,none,0,v2_fs_b4_c_none_s0,1,0,0.7464570775136813,0.612236154279352,0.773073593073593,0.804711590296496,0.6606469002695418,0.7473962264150943
fs_b4_c,none,0,v2_fs_b4_c_none_s0,2,0,0.7220449542595769,0.6005789022298456,0.7447943722943723,0.7825983827493261,0.6348571428571429,0.7259299191374664
fs_b4_c,none,0,v2_fs_b4_c_none_s0,3,0,0.7274622335211959,0.6100328006981433,0.7356818181818182,0.7846253369272238,0.6525175202156336,0.7370242587601078
fs_b4_c,none,0,v2_fs_b4_c_none_s0,4,0,0.7481643694355959,0.6187998942467662,0.7913744588744589,0.78033423180593,0.6381024258760107,0.7828463611859838
fs_b4_c,none,0,v2_fs_b4_c_none_s0,5,0,0.726328871600098,0.6047492229716659,0.7543181818181819,0.7832237196765499,0.6221563342318059,0.7456172506738545
fs_b4_c,none,0,v2_fs_b4_c_none_s0,6,0,0.7505360205831904,0.6278031592703888,0.7824675324675324,0.8188679245283019,0.6374123989218329,0.7633962264150943
fs_b4_c,none,0,v2_fs_b4_c_none_s0,7,0,0.7235178571428572,0.6042101931501137,0.7403571428571429,0.7971859838274933,0.611309973045822,0.7452183288409704
fs_b4_c,none,0,v2_fs_b4_c_none_s0,8,0,0.7438210610144573,0.6170522253317685,0.7931818181818182,0.7922264150943397,0.6314177897574125,0.7584582210242587
fs_b4_c,none,0,v2_fs_b4_c_none_s0,9,0,0.7459118577962918,0.6168957986733559,0.7608549783549785,0.8249380053908355,0.6139838274932614,0.7838706199460916
fs_b4_c,none,1,v2_fs_b4_c_none_s1,0,0,0.7116302070570938,0.5981245459274257,0.7451623376623377,0.7939299191374662,0.5798274932614556,0.7276010781671158
fs_b4_c,none,1,v2_fs_b4_c_none_s1,1,0,0.6897087315200523,0.5892783523990077,0.7283982683982684,0.7798059299191376,0.5639676549865229,0.6866630727762804
fs_b4_c,none,1,v2_fs_b4_c_none_s1,2,0,0.7064223433798906,0.5998517950106828,0.7305411255411255,0.7735094339622642,0.6019083557951483,0.7197304582210242
fs_b4_c,none,1,v2_fs_b4_c_none_s1,3,0,0.701893735195622,0.6009812803879339,0.7302164502164503,0.7841293800539083,0.5961293800539084,0.697099730458221
fs_b4_c,none,1,v2_fs_b4_c_none_s1,4,0,0.7009640508862207,0.5999025221716383,0.7333225108225109,0.77966576819407,0.5831266846361186,0.7077412398921833
fs_b4_c,none,1,v2_fs_b4_c_none_s1,5,0,0.7090094850118436,0.5931239978161528,0.7329112554112555,0.7883773584905661,0.5741347708894879,0.7406145552560648
fs_b4_c,none,1,v2_fs_b4_c_none_s1,6,0,0.7152066180674672,0.6097243000296624,0.7618722943722944,0.7942210242587602,0.5782964959568734,0.7264366576819408
fs_b4_c,none,1,v2_fs_b4_c_none_s1,7,0,0.704027546353018,0.5991854636591478,0.7377705627705629,0.7757628032345012,0.5792668463611859,0.7233099730458221
fs_b4_c,none,1,v2_fs_b4_c_none_s1,8,0,0.7021537000735114,0.6022235047309525,0.742922077922078,0.7790835579514825,0.5887331536388141,0.6978760107816712
fs_b4_c,none,1,v2_fs_b4_c_none_s1,9,0,0.7110049722290289,0.5945774062084888,0.7509848484848485,0.7786415094339624,0.6048733153638814,0.7095202156334232
fs_b4_c,none,2,v2_fs_b4_c_none_s2,0,0,0.7350169382504288,0.6162658468641586,0.7493831168831168,0.8186630727762803,0.6235148247978437,0.7485067385444746
fs_b4_c,none,2,v2_fs_b4_c_none_s2,1,0,0.7290329678183453,0.6130143648142655,0.7578030303030303,0.7930026954177898,0.6110296495956873,0.7542964959568733
fs_b4_c,none,2,v2_fs_b4_c_none_s2,2,0,0.7303511802662747,0.6149220607264301,0.7551082251082251,0.8017358490566037,0.6190727762803234,0.7454878706199461
fs_b4_c,none,2,v2_fs_b4_c_none_s2,3,0,0.723047782406273,0.6115740681033631,0.744935064935065,0.8045606469002695,0.5965390835579515,0.7461563342318059
fs_b4_c,none,2,v2_fs_b4_c_none_s2,4,0,0.7240716940292412,0.6078231062218153,0.7531385281385281,0.7774770889487872,0.6236549865229111,0.7420161725067387
fs_b4_c,none,2,v2_fs_b4_c_none_s2,5,0,0.729196392836723,0.6128112412248461,0.7496049783549783,0.8013045822102425,0.6366469002695418,0.7292291105121295
fs_b4_c,none,2,v2_fs_b4_c_none_s2,6,0,0.7324707485910316,0.6160097391850122,0.7504220779220778,0.7986091644204851,0.6294770889487871,0.7513746630727762
fs_b4_c,none,2,v2_fs_b4_c_none_s2,7,0,0.7275473637997223,0.6117357609289089,0.7573484848484848,0.8073423180592992,0.6347601078167115,0.7107385444743936
fs_b4_c,none,2,v2_fs_b4_c_none_s2,8,0,0.7128725802499387,0.6000078992506996,0.7477922077922079,0.7868787061994608,0.5978652291105121,0.7189541778975742
fs_b4_c,none,2,v2_fs_b4_c_none_s2,9,0,0.7172290390427183,0.6034581522416677,0.7456385281385282,0.7958706199460919,0.5997951482479784,0.7276118598382749
fs_c,none,0,v2_fs_c_none_s0,0,0,0.725285510087397,0.6158704544379817,0.7712121212121212,0.8027277628032345,0.5960431266846362,0.7311590296495957
fs_c,none,0,v2_fs_c_none_s0,1,0,0.7268742648860573,0.6121869854739765,0.7638636363636363,0.8016064690026955,0.6065336927223721,0.7354932614555256
fs_c,none,0,v2_fs_c_none_s0,2,0,0.7184552193089929,0.6083276372750057,0.7682467532467532,0.7989541778975742,0.5853261455525607,0.7212938005390835
fs_c,none,0,v2_fs_c_none_s0,3,0,0.7123349260802091,0.6044744687619563,0.755021645021645,0.7971644204851753,0.5791051212938005,0.7180485175202157
fs_c,none,0,v2_fs_c_none_s0,4,0,0.720083833619211,0.6059581307471078,0.7660064935064934,0.796409703504043,0.5989973045822102,0.7189218328840971
fs_c,none,0,v2_fs_c_none_s0,5,0,0.7217454667973536,0.608112637941337,0.7616233766233766,0.7884528301886794,0.6088625336927224,0.7280431266846362
fs_c,none,0,v2_fs_c_none_s0,6,0,0.7166301457975986,0.6065889960750934,0.7708116883116883,0.7839460916442048,0.6066199460916443,0.7051428571428572
fs_c,none,0,v2_fs_c_none_s0,7,0,0.7296501776525361,0.6113985112867932,0.7720454545454546,0.8005390835579514,0.623644204851752,0.7223719676549865
fs_c,none,0,v2_fs_c_none_s0,8,0,0.7260838131993792,0.6094809816135537,0.7688419913419913,0.7908247978436658,0.6137250673854447,0.730943396226415
fs_c,none,0,v2_fs_c_none_s0,9,0,0.7174468165482317,0.6098864764828023,0.7621969696969697,0.7996442048517521,0.5846361185983828,0.7233099730458221
fs_c,none,1,v2_fs_c_none_s1,0,0,0.7141506268888345,0.6066611640593766,0.7425216450216452,0.790566037735849,0.6131105121293801,0.7104043126684636
fs_c,none,1,v2_fs_c_none_s1,1,0,0.7087345421873723,0.6041493635460864,0.75004329004329,0.7802587601078168,0.5898652291105122,0.7147708894878707
fs_c,none,1,v2_fs_c_none_s1,2,0,0.7235241975006125,0.6120509786473043,0.7499350649350649,0.8174016172506737,0.6138867924528302,0.7128733153638813
fs_c,none,1,v2_fs_c_none_s1,3,0,0.7331233051539656,0.6165585490312402,0.7564177489177489,0.8109110512129382,0.6265229110512129,0.7386415094339623
fs_c,none,1,v2_fs_c_none_s1,4,0,0.7177289267336436,0.5998645842737204,0.7498051948051948,0.7835687331536387,0.6116549865229111,0.7258867924528302
fs_c,none,1,v2_fs_c_none_s1,5,0,0.7350356019766398,0.612142008107748,0.7577380952380952,0.8194932614555257,0.638156334231806,0.724754716981132
fs_c,none,1,v2_fs_c_none_s1,6,0,0.7287044229355549,0.6055381270500437,0.7552597402597403,0.7880754716981131,0.6306846361185984,0.7407978436657682
fs_c,none,1,v2_fs_c_none_s1,7,0,0.7264189128481582,0.609109018257479,0.7611904761904762,0.8016819407008087,0.6221563342318059,0.7206469002695417
fs_c,none,1,v2_fs_c_none_s1,8,0,0.7250262496937026,0.6124470159102731,0.7306818181818182,0.8109002695417789,0.6186738544474394,0.7398490566037735
fs_c,none,1,v2_fs_c_none_s1,9,0,0.7230818937351956,0.6062798505698208,0.7525216450216451,0.8021239892183287,0.6045498652291106,0.7331320754716981
fs_c,none,2,v2_fs_c_none_s2,0,0,0.7043779812954343,0.6045886048741064,0.7292316017316017,0.785390835579515,0.5896819407008087,0.7132075471698113
fs_c,none,2,v2_fs_c_none_s2,1,0,0.6935886935391653,0.5983636191679886,0.7211580086580087,0.7769487870619947,0.5783396226415094,0.6979083557951483
fs_c,none,2,v2_fs_c_none_s2,2,0,0.6937094768439107,0.6019170997820451,0.7234740259740259,0.7821132075471698,0.5752560646900269,0.6939946091644205
fs_c,none,2,v2_fs_c_none_s2,3,0,0.6984286428979826,0.6032135441519751,0.7400757575757575,0.7796657681940702,0.5808409703504043,0.6931320754716981
fs_c,none,2,v2_fs_c_none_s2,4,0,0.7147001245609735,0.6063725995950425,0.7421320346320346,0.7829865229110513,0.5941671159029649,0.7395148247978436
fs_c,none,2,v2_fs_c_none_s2,5,0,0.711225996487789,0.6047997889234235,0.7424134199134198,0.7836010781671159,0.5969380053908356,0.7219514824797844
fs_c,none,2,v2_fs_c_none_s2,6,0,0.7034930572572082,0.6049701870456587,0.7397835497835497,0.787654986522911,0.5832560646900269,0.703277628032345
fs_c,none,2,v2_fs_c_none_s2,7,0,0.7214812443845463,0.6066504705159125,0.7444047619047619,0.7972830188679245,0.627256064690027,0.7169811320754716
fs_c,none,2,v2_fs_c_none_s2,8,0,0.7196402536143102,0.6082783609968316,0.7472402597402596,0.7829757412398922,0.6186522911051213,0.7296927223719676
fs_c,none,2,v2_fs_c_none_s2,9,0,0.6998234909744344,0.6051504726653684,0.7300432900432899,0.8030943396226415,0.5612506738544474,0.7049056603773586
